Fecha,Año,Mes,CCAA,Producto,Volumen (miles de kg),Valor (miles de €),Precio medio kg,Penetración (%),Consumo per capita,Gasto per capita
2018-03,2018,3,Andalucía,T.HORTALIZAS FRESCAS,38505.79,66399.93,1.72,96.93,4.43,7.64
2018-03,2018,3,Aragón,T.HORTALIZAS FRESCAS,7578.78,13834.07,1.83,98.11,5.77,10.54
2018-03,2018,3,Principado de Asturias,T.HORTALIZAS FRESCAS,3701.71,7008.99,1.89,93.71,3.41,6.46
2018-03,2018,3,Illes Balears,T.HORTALIZAS FRESCAS,5728.03,10921.54,1.91,95.81,5.56,10.6
2018-03,2018,3,Canarias,T.HORTALIZAS FRESCAS,10900.84,19963.16,1.83,97.72,4.99,9.13
2018-03,2018,3,Cantabria,T.HORTALIZAS FRESCAS,1875.96,3166.49,1.69,95.39,3.37,5.69
2018-03,2018,3,Castilla-La Mancha,T.HORTALIZAS FRESCAS,9127.26,15770.06,1.73,97.94,4.35,7.52
2018-03,2018,3,Castilla y León,T.HORTALIZAS FRESCAS,8873.43,15699.99,1.77,94.57,3.63,6.42
2018-03,2018,3,Cataluña\/Catalunya,T.HORTALIZAS FRESCAS,44416.7,81759.89,1.84,97.76,6.42,11.82
2018-03,2018,3,Extremadura,T.HORTALIZAS FRESCAS,4532.87,8213.68,1.81,98.83,3.84,6.97
2018-03,2018,3,Galicia,T.HORTALIZAS FRESCAS,10969.35,20018.13,1.82,96.03,3.96,7.23
2018-03,2018,3,La Rioja,T.HORTALIZAS FRESCAS,1333.78,2610.99,1.96,92.88,4.21,8.25
2018-03,2018,3,Comunidad de Madrid,T.HORTALIZAS FRESCAS,27933.45,50880.99,1.82,96.4,4.49,8.18
2018-03,2018,3,Región de Murcia,T.HORTALIZAS FRESCAS,7417.73,13159.54,1.77,97.36,5.21,9.24
2018-03,2018,3,Comunidad Foral de Navarra,T.HORTALIZAS FRESCAS,2829.48,5536.68,1.96,96.9,4.78,9.35
2018-03,2018,3,País Vasco,T.HORTALIZAS FRESCAS,10433,20470.56,1.96,95.65,5.04,9.89
2018-03,2018,3,Comunitat Valenciana,T.HORTALIZAS FRESCAS,25737.24,46032.7,1.79,97.42,5.44,9.73
2018-03,2018,3,Andalucía,T.FRUTAS FRESCAS,51799.84,80538.85,1.55,94.6,5.96,9.27
2018-03,2018,3,Aragón,T.FRUTAS FRESCAS,9297.01,14668.82,1.58,96.37,7.08,11.17
2018-03,2018,3,Principado de Asturias,T.FRUTAS FRESCAS,8089.5,13880.37,1.72,95.62,7.46,12.8
2018-03,2018,3,Illes Balears,T.FRUTAS FRESCAS,7535.42,13008.17,1.73,95.94,7.31,12.63
2018-03,2018,3,Canarias,T.FRUTAS FRESCAS,15612.69,25998.64,1.67,96.33,7.14,11.89
2018-03,2018,3,Cantabria,T.FRUTAS FRESCAS,3991.16,6067.56,1.52,95.99,7.17,10.9
2018-03,2018,3,Castilla-La Mancha,T.FRUTAS FRESCAS,14001.27,20928.38,1.49,97.14,6.67,9.98
2018-03,2018,3,Castilla y León,T.FRUTAS FRESCAS,19706.01,28465.86,1.44,95.54,8.06,11.64
2018-03,2018,3,Cataluña\/Catalunya,T.FRUTAS FRESCAS,55803.64,93248.33,1.67,96.08,8.07,13.48
2018-03,2018,3,Extremadura,T.FRUTAS FRESCAS,8041.53,11221.09,1.4,96.18,6.82,9.52
2018-03,2018,3,Galicia,T.FRUTAS FRESCAS,22853.01,36470.49,1.6,97.22,8.25,13.17
2018-03,2018,3,La Rioja,T.FRUTAS FRESCAS,2071.35,3599.35,1.74,97.62,6.55,11.37
2018-03,2018,3,Comunidad de Madrid,T.FRUTAS FRESCAS,44308.28,69747,1.57,95.34,7.12,11.21
2018-03,2018,3,Región de Murcia,T.FRUTAS FRESCAS,8552.26,13652.66,1.6,93.43,6.01,9.59
2018-03,2018,3,Comunidad Foral de Navarra,T.FRUTAS FRESCAS,4672.65,7402.6,1.58,97.45,7.89,12.5
2018-03,2018,3,País Vasco,T.FRUTAS FRESCAS,18224.67,29829.5,1.64,96.34,8.8,14.41
2018-03,2018,3,Comunitat Valenciana,T.FRUTAS FRESCAS,29393.27,46837.21,1.59,95.13,6.21,9.9
2018-04,2018,4,Andalucía,T.HORTALIZAS FRESCAS,39592.07,65471.99,1.65,97.15,4.56,7.54
2018-04,2018,4,Aragón,T.HORTALIZAS FRESCAS,8522.7,14777.57,1.73,97.66,6.49,11.26
2018-04,2018,4,Principado de Asturias,T.HORTALIZAS FRESCAS,4076.22,7359.76,1.81,94.7,3.76,6.79
2018-04,2018,4,Illes Balears,T.HORTALIZAS FRESCAS,5703.51,10656.56,1.87,96.7,5.54,10.34
2018-04,2018,4,Canarias,T.HORTALIZAS FRESCAS,10958.44,19765.74,1.8,97.71,5.01,9.04
2018-04,2018,4,Cantabria,T.HORTALIZAS FRESCAS,2660.3,4315.92,1.62,93.58,4.78,7.75
2018-04,2018,4,Castilla-La Mancha,T.HORTALIZAS FRESCAS,9188.25,15339.11,1.67,96.98,4.38,7.31
2018-04,2018,4,Castilla y León,T.HORTALIZAS FRESCAS,9867.02,16686.66,1.69,98.03,4.03,6.82
2018-04,2018,4,Cataluña\/Catalunya,T.HORTALIZAS FRESCAS,42760.85,76992.32,1.8,97.3,6.18,11.13
2018-04,2018,4,Extremadura,T.HORTALIZAS FRESCAS,4764.06,7970.35,1.67,98.7,4.04,6.76
2018-04,2018,4,Galicia,T.HORTALIZAS FRESCAS,10898.68,19506.91,1.79,96.83,3.93,7.04
2018-04,2018,4,La Rioja,T.HORTALIZAS FRESCAS,1228.54,2454.1,2,96.86,3.88,7.75
2018-04,2018,4,Comunidad de Madrid,T.HORTALIZAS FRESCAS,31538,56009.15,1.78,98.03,5.07,9
2018-04,2018,4,Región de Murcia,T.HORTALIZAS FRESCAS,7069.85,13147.53,1.86,92.24,4.96,9.23
2018-04,2018,4,Comunidad Foral de Navarra,T.HORTALIZAS FRESCAS,2807.66,5251.09,1.87,99.36,4.74,8.87
2018-04,2018,4,País Vasco,T.HORTALIZAS FRESCAS,11657.1,21998.61,1.89,97.54,5.63,10.63
2018-04,2018,4,Comunitat Valenciana,T.HORTALIZAS FRESCAS,26675.34,46235.11,1.73,97.8,5.64,9.77
2018-04,2018,4,Andalucía,T.FRUTAS FRESCAS,52121.51,80467.7,1.54,95.02,6,9.26
2018-04,2018,4,Aragón,T.FRUTAS FRESCAS,9025.25,14125.6,1.57,95.16,6.87,10.76
2018-04,2018,4,Principado de Asturias,T.FRUTAS FRESCAS,7772.6,13030.74,1.68,94,7.17,12.02
2018-04,2018,4,Illes Balears,T.FRUTAS FRESCAS,7537.14,13196.25,1.75,94.99,7.32,12.81
2018-04,2018,4,Canarias,T.FRUTAS FRESCAS,15279.04,25462.69,1.67,96.71,6.99,11.65
2018-04,2018,4,Cantabria,T.FRUTAS FRESCAS,4185.06,6477.97,1.55,95.68,7.52,11.64
2018-04,2018,4,Castilla-La Mancha,T.FRUTAS FRESCAS,14824.66,22033.5,1.49,96.09,7.07,10.5
2018-04,2018,4,Castilla y León,T.FRUTAS FRESCAS,20193.06,29576.52,1.46,96.46,8.25,12.09
2018-04,2018,4,Cataluña\/Catalunya,T.FRUTAS FRESCAS,54070.86,92785.21,1.72,95.79,7.81,13.41
2018-04,2018,4,Extremadura,T.FRUTAS FRESCAS,7175.34,10400.14,1.45,96.52,6.09,8.82
2018-04,2018,4,Galicia,T.FRUTAS FRESCAS,23958.12,38506.16,1.61,98.5,8.65,13.9
2018-04,2018,4,La Rioja,T.FRUTAS FRESCAS,1743.83,2912.83,1.67,96.07,5.51,9.2
2018-04,2018,4,Comunidad de Madrid,T.FRUTAS FRESCAS,47628.36,77665.36,1.63,96.44,7.65,12.48
2018-04,2018,4,Región de Murcia,T.FRUTAS FRESCAS,8848.12,14076.33,1.59,90.35,6.21,9.88
2018-04,2018,4,Comunidad Foral de Navarra,T.FRUTAS FRESCAS,4753.66,7699.5,1.62,98.55,8.03,13
2018-04,2018,4,País Vasco,T.FRUTAS FRESCAS,19349.84,32484.18,1.68,97.4,9.35,15.69
2018-04,2018,4,Comunitat Valenciana,T.FRUTAS FRESCAS,30372.31,48277.7,1.59,95.34,6.42,10.2
2018-05,2018,5,Andalucía,T.HORTALIZAS FRESCAS,37609.91,63227.4,1.68,96.77,4.33,7.28
2018-05,2018,5,Aragón,T.HORTALIZAS FRESCAS,8990.71,16299.17,1.81,97.34,6.85,12.41
2018-05,2018,5,Principado de Asturias,T.HORTALIZAS FRESCAS,3978.06,7224.85,1.82,97.23,3.67,6.66
2018-05,2018,5,Illes Balears,T.HORTALIZAS FRESCAS,5623.84,10863.41,1.93,98.25,5.46,10.55
2018-05,2018,5,Canarias,T.HORTALIZAS FRESCAS,11344.12,19410.14,1.71,98.02,5.19,8.88
2018-05,2018,5,Cantabria,T.HORTALIZAS FRESCAS,2026.17,3824.07,1.89,97.98,3.64,6.87
2018-05,2018,5,Castilla-La Mancha,T.HORTALIZAS FRESCAS,9115.92,15337.22,1.68,97.2,4.35,7.31
2018-05,2018,5,Castilla y León,T.HORTALIZAS FRESCAS,10254.46,17848.5,1.74,96.12,4.19,7.3
2018-05,2018,5,Cataluña\/Catalunya,T.HORTALIZAS FRESCAS,41835.07,76042.56,1.82,98.25,6.05,10.99
2018-05,2018,5,Extremadura,T.HORTALIZAS FRESCAS,5268.57,8694.1,1.65,98.13,4.47,7.37
2018-05,2018,5,Galicia,T.HORTALIZAS FRESCAS,11025.05,19700.49,1.79,96.64,3.98,7.11
2018-05,2018,5,La Rioja,T.HORTALIZAS FRESCAS,1643.97,3277.67,1.99,93.82,5.19,10.36
2018-05,2018,5,Comunidad de Madrid,T.HORTALIZAS FRESCAS,31211.69,55651.95,1.78,97.44,5.01,8.94
2018-05,2018,5,Región de Murcia,T.HORTALIZAS FRESCAS,7318.15,12312.8,1.68,95.15,5.14,8.65
2018-05,2018,5,Comunidad Foral de Navarra,T.HORTALIZAS FRESCAS,2278.72,4356.87,1.91,96.83,3.85,7.36
2018-05,2018,5,País Vasco,T.HORTALIZAS FRESCAS,11649.19,23375.61,2.01,97.76,5.63,11.29
2018-05,2018,5,Comunitat Valenciana,T.HORTALIZAS FRESCAS,26428.95,45425.01,1.72,96.85,5.58,9.6
2018-05,2018,5,Andalucía,T.FRUTAS FRESCAS,56467.11,89028.25,1.58,95.29,6.5,10.25
2018-05,2018,5,Aragón,T.FRUTAS FRESCAS,10882.06,17524.17,1.61,96.12,8.29,13.35
2018-05,2018,5,Principado de Asturias,T.FRUTAS FRESCAS,8766.39,14622.47,1.67,97.26,8.09,13.49
2018-05,2018,5,Illes Balears,T.FRUTAS FRESCAS,7387.67,12897.72,1.75,96.56,7.17,12.52
2018-05,2018,5,Canarias,T.FRUTAS FRESCAS,14404.63,25051.57,1.74,97.47,6.59,11.46
2018-05,2018,5,Cantabria,T.FRUTAS FRESCAS,4300.98,6706.17,1.56,97.78,7.73,12.05
2018-05,2018,5,Castilla-La Mancha,T.FRUTAS FRESCAS,15601.68,23455.46,1.5,96.43,7.44,11.18
2018-05,2018,5,Castilla y León,T.FRUTAS FRESCAS,21220.3,32463.76,1.53,96.62,8.67,13.27
2018-05,2018,5,Cataluña\/Catalunya,T.FRUTAS FRESCAS,58695.77,104646.09,1.78,96.81,8.48,15.12
2018-05,2018,5,Extremadura,T.FRUTAS FRESCAS,8662.69,12925.12,1.49,95.8,7.35,10.96
2018-05,2018,5,Galicia,T.FRUTAS FRESCAS,23911.12,40218.56,1.68,97.5,8.63,14.52
2018-05,2018,5,La Rioja,T.FRUTAS FRESCAS,1860.56,3239.69,1.74,93.19,5.88,10.24
2018-05,2018,5,Comunidad de Madrid,T.FRUTAS FRESCAS,50407.68,85012.9,1.69,95.96,8.1,13.66
2018-05,2018,5,Región de Murcia,T.FRUTAS FRESCAS,9956.81,16048.31,1.61,94.5,6.99,11.27
2018-05,2018,5,Comunidad Foral de Navarra,T.FRUTAS FRESCAS,4637.41,7536.34,1.63,94.55,7.83,12.72
2018-05,2018,5,País Vasco,T.FRUTAS FRESCAS,20187.99,35781.28,1.77,97.12,9.75,17.28
2018-05,2018,5,Comunitat Valenciana,T.FRUTAS FRESCAS,34931.01,56883.34,1.63,96.21,7.38,12.02
2018-06,2018,6,Andalucía,T.HORTALIZAS FRESCAS,40124.63,63411.57,1.58,97.13,4.62,7.3
2018-06,2018,6,Aragón,T.HORTALIZAS FRESCAS,8317.2,15536.51,1.87,96.87,6.33,11.83
2018-06,2018,6,Principado de Asturias,T.HORTALIZAS FRESCAS,3840.71,6898.54,1.8,95.46,3.54,6.36
2018-06,2018,6,Illes Balears,T.HORTALIZAS FRESCAS,5363.59,9958.89,1.86,98.03,5.21,9.67
2018-06,2018,6,Canarias,T.HORTALIZAS FRESCAS,10052.86,18790.82,1.87,97.89,4.6,8.59
2018-06,2018,6,Cantabria,T.HORTALIZAS FRESCAS,2069.51,3782.4,1.83,97.74,3.72,6.8
2018-06,2018,6,Castilla-La Mancha,T.HORTALIZAS FRESCAS,9016.04,14536.39,1.61,96.45,4.3,6.93
2018-06,2018,6,Castilla y León,T.HORTALIZAS FRESCAS,10252.71,16927.36,1.65,96.26,4.19,6.92
2018-06,2018,6,Cataluña\/Catalunya,T.HORTALIZAS FRESCAS,37712.45,67937.34,1.8,97.81,5.45,9.82
2018-06,2018,6,Extremadura,T.HORTALIZAS FRESCAS,4920.61,7841.46,1.59,96.23,4.17,6.65
2018-06,2018,6,Galicia,T.HORTALIZAS FRESCAS,11836.19,21291.12,1.8,97.28,4.27,7.69
2018-06,2018,6,La Rioja,T.HORTALIZAS FRESCAS,1383.15,2785.61,2.01,93.41,4.37,8.8
2018-06,2018,6,Comunidad de Madrid,T.HORTALIZAS FRESCAS,29596.43,51257.51,1.73,97.36,4.76,8.24
2018-06,2018,6,Región de Murcia,T.HORTALIZAS FRESCAS,7254.53,11876.13,1.64,94.89,5.09,8.34
2018-06,2018,6,Comunidad Foral de Navarra,T.HORTALIZAS FRESCAS,2913.44,5419.53,1.86,98.26,4.92,9.15
2018-06,2018,6,País Vasco,T.HORTALIZAS FRESCAS,10868.31,20872.74,1.92,97.44,5.25,10.08
2018-06,2018,6,Comunitat Valenciana,T.HORTALIZAS FRESCAS,24315.99,41390.07,1.7,96.82,5.14,8.75
2018-06,2018,6,Andalucía,T.FRUTAS FRESCAS,64143.22,98222.8,1.53,95.03,7.38,11.3
2018-06,2018,6,Aragón,T.FRUTAS FRESCAS,11666.7,19352.49,1.66,97.1,8.89,14.74
2018-06,2018,6,Principado de Asturias,T.FRUTAS FRESCAS,9348.9,16469.55,1.76,96.19,8.62,15.19
2018-06,2018,6,Illes Balears,T.FRUTAS FRESCAS,8783.08,15233.97,1.73,93.8,8.53,14.79
2018-06,2018,6,Canarias,T.FRUTAS FRESCAS,16781.4,27787.42,1.66,98.62,7.68,12.71
2018-06,2018,6,Cantabria,T.FRUTAS FRESCAS,4978.58,8163.82,1.64,96.32,8.94,14.67
2018-06,2018,6,Castilla-La Mancha,T.FRUTAS FRESCAS,17667.7,25428.72,1.44,94.25,8.42,12.12
2018-06,2018,6,Castilla y León,T.FRUTAS FRESCAS,23319.79,35631.39,1.53,96.56,9.53,14.56
2018-06,2018,6,Cataluña\/Catalunya,T.FRUTAS FRESCAS,62341.55,108858.1,1.75,95.96,9.01,15.73
2018-06,2018,6,Extremadura,T.FRUTAS FRESCAS,9041.44,13441.33,1.49,90.36,7.67,11.4
2018-06,2018,6,Galicia,T.FRUTAS FRESCAS,26038.38,45387.19,1.74,97.19,9.4,16.38
2018-06,2018,6,La Rioja,T.FRUTAS FRESCAS,3198.46,4986.65,1.56,97.43,10.11,15.76
2018-06,2018,6,Comunidad de Madrid,T.FRUTAS FRESCAS,53576.52,88150.18,1.65,96.15,8.61,14.16
2018-06,2018,6,Región de Murcia,T.FRUTAS FRESCAS,15684.06,22657.02,1.44,90.61,11.01,15.91
2018-06,2018,6,Comunidad Foral de Navarra,T.FRUTAS FRESCAS,5572.3,9363.49,1.68,98.16,9.41,15.81
2018-06,2018,6,País Vasco,T.FRUTAS FRESCAS,21056.04,37166.27,1.77,96.68,10.17,17.95
2018-06,2018,6,Comunitat Valenciana,T.FRUTAS FRESCAS,39227.17,60199.54,1.53,94.62,8.29,12.72
2018-07,2018,7,Andalucía,T.HORTALIZAS FRESCAS,41013.49,64438.42,1.57,96.12,4.72,7.42
2018-07,2018,7,Aragón,T.HORTALIZAS FRESCAS,9182.57,16806.44,1.83,96.99,6.99,12.8
2018-07,2018,7,Principado de Asturias,T.HORTALIZAS FRESCAS,4082.35,7734.77,1.89,91.99,3.77,7.13
2018-07,2018,7,Illes Balears,T.HORTALIZAS FRESCAS,5513.07,9857.01,1.79,96.4,5.35,9.57
2018-07,2018,7,Canarias,T.HORTALIZAS FRESCAS,10238.87,17816.4,1.74,96.09,4.68,8.15
2018-07,2018,7,Cantabria,T.HORTALIZAS FRESCAS,2405.15,4467.26,1.86,94.97,4.32,8.03
2018-07,2018,7,Castilla-La Mancha,T.HORTALIZAS FRESCAS,9038.01,13953.28,1.54,96.73,4.31,6.65
2018-07,2018,7,Castilla y León,T.HORTALIZAS FRESCAS,10486.31,17747.07,1.69,93.88,4.29,7.25
2018-07,2018,7,Cataluña\/Catalunya,T.HORTALIZAS FRESCAS,40145.5,69053.95,1.72,96.05,5.8,9.98
2018-07,2018,7,Extremadura,T.HORTALIZAS FRESCAS,5999.36,9325.5,1.55,96.15,5.09,7.91
2018-07,2018,7,Galicia,T.HORTALIZAS FRESCAS,15079.97,26836.68,1.78,95.8,5.44,9.69
2018-07,2018,7,La Rioja,T.HORTALIZAS FRESCAS,1794.52,3060.9,1.71,94.93,5.67,9.67
2018-07,2018,7,Comunidad de Madrid,T.HORTALIZAS FRESCAS,26229.55,43177.65,1.65,95.66,4.21,6.94
2018-07,2018,7,Región de Murcia,T.HORTALIZAS FRESCAS,6781,10616.31,1.57,93.21,4.76,7.45
2018-07,2018,7,Comunidad Foral de Navarra,T.HORTALIZAS FRESCAS,2230.55,4367.04,1.96,96.2,3.77,7.37
2018-07,2018,7,País Vasco,T.HORTALIZAS FRESCAS,10704.37,20195.07,1.89,96.76,5.17,9.76
2018-07,2018,7,Comunitat Valenciana,T.HORTALIZAS FRESCAS,23542.09,39203.46,1.67,95.4,4.97,8.28
2018-07,2018,7,Andalucía,T.FRUTAS FRESCAS,69570.32,92426.61,1.33,94.16,8.01,10.64
2018-07,2018,7,Aragón,T.FRUTAS FRESCAS,12359.73,17277.35,1.4,95.86,9.41,13.16
2018-07,2018,7,Principado de Asturias,T.FRUTAS FRESCAS,9985.49,16113.02,1.61,93.35,9.21,14.86
2018-07,2018,7,Illes Balears,T.FRUTAS FRESCAS,9552.31,15508.43,1.62,97.11,9.27,15.06
2018-07,2018,7,Canarias,T.FRUTAS FRESCAS,17572.43,27251.67,1.55,95.81,8.04,12.46
2018-07,2018,7,Cantabria,T.FRUTAS FRESCAS,5524.88,8300.36,1.5,96.9,9.93,14.91
2018-07,2018,7,Castilla-La Mancha,T.FRUTAS FRESCAS,17438.84,22328.6,1.28,97.04,8.31,10.64
2018-07,2018,7,Castilla y León,T.FRUTAS FRESCAS,22843.62,32957.82,1.44,94.39,9.34,13.47
2018-07,2018,7,Cataluña\/Catalunya,T.FRUTAS FRESCAS,69084,104981.73,1.52,95.36,9.98,15.17
2018-07,2018,7,Extremadura,T.FRUTAS FRESCAS,9114.14,11878.48,1.3,89.99,7.73,10.07
2018-07,2018,7,Galicia,T.FRUTAS FRESCAS,28429.02,45116.79,1.59,96.93,10.26,16.29
2018-07,2018,7,La Rioja,T.FRUTAS FRESCAS,2654.48,3900.18,1.47,96.41,8.39,12.32
2018-07,2018,7,Comunidad de Madrid,T.FRUTAS FRESCAS,52214.09,75259.32,1.44,94.21,8.39,12.09
2018-07,2018,7,Región de Murcia,T.FRUTAS FRESCAS,11169.87,15340.59,1.37,87.31,7.84,10.77
2018-07,2018,7,Comunidad Foral de Navarra,T.FRUTAS FRESCAS,5991.99,9199.44,1.54,87.01,10.12,15.53
2018-07,2018,7,País Vasco,T.FRUTAS FRESCAS,20616.17,33445.2,1.62,95.24,9.96,16.16
2018-07,2018,7,Comunitat Valenciana,T.FRUTAS FRESCAS,43273.8,58472.02,1.35,94.01,9.14,12.36
2018-08,2018,8,Andalucía,T.HORTALIZAS FRESCAS,38177.33,59682.39,1.56,92.79,4.39,6.87
2018-08,2018,8,Aragón,T.HORTALIZAS FRESCAS,7952.6,13868.98,1.74,88.67,6.06,10.56
2018-08,2018,8,Principado de Asturias,T.HORTALIZAS FRESCAS,4281.69,7383.14,1.72,94.27,3.95,6.81
2018-08,2018,8,Illes Balears,T.HORTALIZAS FRESCAS,5523.19,9819,1.78,95.61,5.36,9.53
2018-08,2018,8,Canarias,T.HORTALIZAS FRESCAS,8050.63,14961.49,1.86,96.6,3.68,6.84
2018-08,2018,8,Cantabria,T.HORTALIZAS FRESCAS,2280.09,4514.49,1.98,94.82,4.1,8.11
2018-08,2018,8,Castilla-La Mancha,T.HORTALIZAS FRESCAS,9546.39,15069.06,1.58,95.37,4.55,7.18
2018-08,2018,8,Castilla y León,T.HORTALIZAS FRESCAS,12251.57,19728.27,1.61,89.49,5.01,8.06
2018-08,2018,8,Cataluña\/Catalunya,T.HORTALIZAS FRESCAS,39424.29,69543.87,1.76,91.67,5.7,10.05
2018-08,2018,8,Extremadura,T.HORTALIZAS FRESCAS,6681.03,11075.23,1.66,93.1,5.67,9.39
2018-08,2018,8,Galicia,T.HORTALIZAS FRESCAS,16667.82,30196.24,1.81,92.62,6.02,10.9
2018-08,2018,8,La Rioja,T.HORTALIZAS FRESCAS,965.63,1752.05,1.81,87.04,3.05,5.54
2018-08,2018,8,Comunidad de Madrid,T.HORTALIZAS FRESCAS,21206.58,35245.2,1.66,89.62,3.41,5.66
2018-08,2018,8,Región de Murcia,T.HORTALIZAS FRESCAS,6489.68,9676.39,1.49,85.76,4.56,6.79
2018-08,2018,8,Comunidad Foral de Navarra,T.HORTALIZAS FRESCAS,3718.89,6359.19,1.71,95.78,6.28,10.74
2018-08,2018,8,País Vasco,T.HORTALIZAS FRESCAS,10167.43,19632.44,1.93,91.94,4.91,9.48
2018-08,2018,8,Comunitat Valenciana,T.HORTALIZAS FRESCAS,19555.73,32589.5,1.67,92.19,4.13,6.89
2018-08,2018,8,Andalucía,T.FRUTAS FRESCAS,64607.22,83275.96,1.29,90.91,7.44,9.58
2018-08,2018,8,Aragón,T.FRUTAS FRESCAS,10661.35,15057.24,1.41,90.26,8.12,11.47
2018-08,2018,8,Principado de Asturias,T.FRUTAS FRESCAS,10166.23,16054.2,1.58,92.24,9.38,14.81
2018-08,2018,8,Illes Balears,T.FRUTAS FRESCAS,10608.17,14200.03,1.34,94.93,10.3,13.79
2018-08,2018,8,Canarias,T.FRUTAS FRESCAS,16437.54,25332.66,1.54,94.31,7.52,11.59
2018-08,2018,8,Cantabria,T.FRUTAS FRESCAS,4655.32,6610.57,1.42,94.06,8.36,11.88
2018-08,2018,8,Castilla-La Mancha,T.FRUTAS FRESCAS,17806.08,21316.83,1.2,94.75,8.49,10.16
2018-08,2018,8,Castilla y León,T.FRUTAS FRESCAS,23189.25,31283.49,1.35,92.62,9.48,12.79
2018-08,2018,8,Cataluña\/Catalunya,T.FRUTAS FRESCAS,61603.64,88304.27,1.43,90.81,8.9,12.76
2018-08,2018,8,Extremadura,T.FRUTAS FRESCAS,8508.77,11608.22,1.36,85.94,7.22,9.85
2018-08,2018,8,Galicia,T.FRUTAS FRESCAS,29245.79,45035.8,1.54,96,10.56,16.26
2018-08,2018,8,La Rioja,T.FRUTAS FRESCAS,2038.06,3130.78,1.54,92.27,6.44,9.89
2018-08,2018,8,Comunidad de Madrid,T.FRUTAS FRESCAS,43263.72,60995.28,1.41,87.62,6.95,9.8
2018-08,2018,8,Región de Murcia,T.FRUTAS FRESCAS,9467.59,13016.82,1.37,83.7,6.65,9.14
2018-08,2018,8,Comunidad Foral de Navarra,T.FRUTAS FRESCAS,6464.96,8653.24,1.34,94.37,10.91,14.61
2018-08,2018,8,País Vasco,T.FRUTAS FRESCAS,19927.91,30968.89,1.55,92.27,9.63,14.96
2018-08,2018,8,Comunitat Valenciana,T.FRUTAS FRESCAS,38487.18,47600.27,1.24,89.05,8.13,10.06
2018-09,2018,9,Andalucía,T.HORTALIZAS FRESCAS,39342.25,67931.59,1.73,96.4,4.53,7.82
2018-09,2018,9,Aragón,T.HORTALIZAS FRESCAS,12196.52,21788.14,1.79,96.16,9.29,16.6
2018-09,2018,9,Principado de Asturias,T.HORTALIZAS FRESCAS,5083.35,9271.1,1.82,92.96,4.69,8.55
2018-09,2018,9,Illes Balears,T.HORTALIZAS FRESCAS,4490.1,9034.72,2.01,96.31,4.36,8.77
2018-09,2018,9,Canarias,T.HORTALIZAS FRESCAS,9559.45,16704.13,1.75,96.26,4.37,7.64
2018-09,2018,9,Cantabria,T.HORTALIZAS FRESCAS,2117.73,3959.31,1.87,95.27,3.8,7.11
2018-09,2018,9,Castilla-La Mancha,T.HORTALIZAS FRESCAS,9916.13,17476.84,1.76,92.31,4.73,8.33
2018-09,2018,9,Castilla y León,T.HORTALIZAS FRESCAS,21366.25,38754.66,1.81,91.14,8.73,15.84
2018-09,2018,9,Cataluña\/Catalunya,T.HORTALIZAS FRESCAS,38809.32,75174.48,1.94,95.98,5.61,10.86
2018-09,2018,9,Extremadura,T.HORTALIZAS FRESCAS,7766.75,15096.06,1.94,96.66,6.59,12.8
2018-09,2018,9,Galicia,T.HORTALIZAS FRESCAS,17649.47,35100.65,1.99,93.18,6.37,12.67
2018-09,2018,9,La Rioja,T.HORTALIZAS FRESCAS,1162.95,2257.54,1.94,92.13,3.67,7.13
2018-09,2018,9,Comunidad de Madrid,T.HORTALIZAS FRESCAS,27674.86,50661.96,1.83,94.93,4.45,8.14
2018-09,2018,9,Región de Murcia,T.HORTALIZAS FRESCAS,6434.48,11125.51,1.73,95.2,4.52,7.81
2018-09,2018,9,Comunidad Foral de Navarra,T.HORTALIZAS FRESCAS,3414.39,5364.55,1.57,96.03,5.76,9.06
2018-09,2018,9,País Vasco,T.HORTALIZAS FRESCAS,11366.76,21934.14,1.93,94.8,5.49,10.6
2018-09,2018,9,Comunitat Valenciana,T.HORTALIZAS FRESCAS,24264.28,43073.75,1.78,95.48,5.13,9.1
2018-09,2018,9,Andalucía,T.FRUTAS FRESCAS,63020.2,84293.51,1.34,94.66,7.25,9.7
2018-09,2018,9,Aragón,T.FRUTAS FRESCAS,13665.63,20056.32,1.47,92.98,10.41,15.28
2018-09,2018,9,Principado de Asturias,T.FRUTAS FRESCAS,9214.62,14043.84,1.52,90.33,8.5,12.95
2018-09,2018,9,Illes Balears,T.FRUTAS FRESCAS,8361.47,12398.12,1.48,94.97,8.12,12.04
2018-09,2018,9,Canarias,T.FRUTAS FRESCAS,15760.66,24988.08,1.59,93.92,7.21,11.43
2018-09,2018,9,Cantabria,T.FRUTAS FRESCAS,4240.67,6694.34,1.58,91.71,7.62,12.03
2018-09,2018,9,Castilla-La Mancha,T.FRUTAS FRESCAS,14432.59,18143.7,1.26,93.37,6.88,8.65
2018-09,2018,9,Castilla y León,T.FRUTAS FRESCAS,24835.14,36863.43,1.48,93.18,10.15,15.07
2018-09,2018,9,Cataluña\/Catalunya,T.FRUTAS FRESCAS,61636.15,91017.7,1.48,94.47,8.91,13.15
2018-09,2018,9,Extremadura,T.FRUTAS FRESCAS,9235.99,13078.06,1.42,84.97,7.83,11.09
2018-09,2018,9,Galicia,T.FRUTAS FRESCAS,27384.97,43439.03,1.59,96.8,9.89,15.68
2018-09,2018,9,La Rioja,T.FRUTAS FRESCAS,2372.06,3535.63,1.49,92.46,7.5,11.17
2018-09,2018,9,Comunidad de Madrid,T.FRUTAS FRESCAS,51599.01,74801.09,1.45,93.81,8.29,12.02
2018-09,2018,9,Región de Murcia,T.FRUTAS FRESCAS,11426.31,18388.25,1.61,93.9,8.02,12.91
2018-09,2018,9,Comunidad Foral de Navarra,T.FRUTAS FRESCAS,4614.22,6528.7,1.41,90.15,7.79,11.02
2018-09,2018,9,País Vasco,T.FRUTAS FRESCAS,19901.6,31049.76,1.56,95.19,9.61,15
2018-09,2018,9,Comunitat Valenciana,T.FRUTAS FRESCAS,40690.19,52343.99,1.29,94.74,8.6,11.06
2018-10,2018,10,Andalucía,T.HORTALIZAS FRESCAS,36655.39,64421.18,1.76,96.58,4.22,7.41
2018-10,2018,10,Aragón,T.HORTALIZAS FRESCAS,7604.53,14701.59,1.93,95.07,5.79,11.2
2018-10,2018,10,Principado de Asturias,T.HORTALIZAS FRESCAS,3836.47,7378.84,1.92,96.15,3.54,6.81
2018-10,2018,10,Illes Balears,T.HORTALIZAS FRESCAS,5034.57,11147.32,2.21,97.02,4.89,10.82
2018-10,2018,10,Canarias,T.HORTALIZAS FRESCAS,9765.65,18052.7,1.85,97.32,4.47,8.26
2018-10,2018,10,Cantabria,T.HORTALIZAS FRESCAS,2401.7,4278.81,1.78,99.41,4.32,7.69
2018-10,2018,10,Castilla-La Mancha,T.HORTALIZAS FRESCAS,8286.13,14898.53,1.8,95.24,3.95,7.1
2018-10,2018,10,Castilla y León,T.HORTALIZAS FRESCAS,11353.09,20443.59,1.8,92.31,4.64,8.36
2018-10,2018,10,Cataluña\/Catalunya,T.HORTALIZAS FRESCAS,40345.93,78407.23,1.94,97.39,5.83,11.33
2018-10,2018,10,Extremadura,T.HORTALIZAS FRESCAS,7342.52,13332.94,1.82,97.39,6.23,11.31
2018-10,2018,10,Galicia,T.HORTALIZAS FRESCAS,16702.87,30262.03,1.81,94.82,6.03,10.92
2018-10,2018,10,La Rioja,T.HORTALIZAS FRESCAS,1967.39,3475.25,1.77,90.88,6.22,10.98
2018-10,2018,10,Comunidad de Madrid,T.HORTALIZAS FRESCAS,31891.55,60494.17,1.9,96.42,5.12,9.72
2018-10,2018,10,Región de Murcia,T.HORTALIZAS FRESCAS,6720.15,11736.14,1.75,96.4,4.72,8.24
2018-10,2018,10,Comunidad Foral de Navarra,T.HORTALIZAS FRESCAS,2612.83,5028.56,1.92,96.92,4.41,8.49
2018-10,2018,10,País Vasco,T.HORTALIZAS FRESCAS,11517.93,22587.85,1.96,96.77,5.56,10.91
2018-10,2018,10,Comunitat Valenciana,T.HORTALIZAS FRESCAS,23514.29,44849.72,1.91,97.38,4.97,9.48
2018-10,2018,10,Andalucía,T.FRUTAS FRESCAS,57379.73,89432.18,1.56,94.72,6.6,10.29
2018-10,2018,10,Aragón,T.FRUTAS FRESCAS,10632.94,16854.04,1.59,91.66,8.1,12.84
2018-10,2018,10,Principado de Asturias,T.FRUTAS FRESCAS,8625.57,14273.98,1.65,96.61,7.96,13.17
2018-10,2018,10,Illes Balears,T.FRUTAS FRESCAS,7926.36,14130.74,1.78,92.52,7.69,13.72
2018-10,2018,10,Canarias,T.FRUTAS FRESCAS,15419.28,27425.63,1.78,93.82,7.05,12.54
2018-10,2018,10,Cantabria,T.FRUTAS FRESCAS,3871.98,6331.79,1.64,92.43,6.96,11.38
2018-10,2018,10,Castilla-La Mancha,T.FRUTAS FRESCAS,14353.13,20724.03,1.44,92.76,6.84,9.88
2018-10,2018,10,Castilla y León,T.FRUTAS FRESCAS,18329.12,30428.01,1.66,93.87,7.49,12.44
2018-10,2018,10,Cataluña\/Catalunya,T.FRUTAS FRESCAS,56882.77,99331.02,1.75,96.05,8.22,14.36
2018-10,2018,10,Extremadura,T.FRUTAS FRESCAS,8398.23,12307.19,1.47,93.74,7.12,10.44
2018-10,2018,10,Galicia,T.FRUTAS FRESCAS,30792.69,49619.31,1.61,96.32,11.12,17.91
2018-10,2018,10,La Rioja,T.FRUTAS FRESCAS,1912.55,3106.72,1.62,85.18,6.04,9.82
2018-10,2018,10,Comunidad de Madrid,T.FRUTAS FRESCAS,49132.28,83363.16,1.7,94.87,7.89,13.39
2018-10,2018,10,Región de Murcia,T.FRUTAS FRESCAS,10522.16,21727.26,2.06,91.78,7.39,15.26
2018-10,2018,10,Comunidad Foral de Navarra,T.FRUTAS FRESCAS,4951.17,8068.45,1.63,95.4,8.36,13.62
2018-10,2018,10,País Vasco,T.FRUTAS FRESCAS,19155.72,32901.93,1.72,96.72,9.25,15.89
2018-10,2018,10,Comunitat Valenciana,T.FRUTAS FRESCAS,34470.85,56400.99,1.64,96.17,7.28,11.92
2018-11,2018,11,Andalucía,T.HORTALIZAS FRESCAS,33430.7,61470.79,1.84,95.98,3.85,7.07
2018-11,2018,11,Aragón,T.HORTALIZAS FRESCAS,7298.81,14135.5,1.94,96.53,5.56,10.77
2018-11,2018,11,Principado de Asturias,T.HORTALIZAS FRESCAS,3421.61,6783,1.98,90.09,3.16,6.26
2018-11,2018,11,Illes Balears,T.HORTALIZAS FRESCAS,5540.34,10855.86,1.96,96.43,5.38,10.54
2018-11,2018,11,Canarias,T.HORTALIZAS FRESCAS,8637.47,16498.07,1.91,98.13,3.95,7.55
2018-11,2018,11,Cantabria,T.HORTALIZAS FRESCAS,1547.34,3121.61,2.02,95.01,2.78,5.61
2018-11,2018,11,Castilla-La Mancha,T.HORTALIZAS FRESCAS,7657.01,14392.76,1.88,95.23,3.65,6.86
2018-11,2018,11,Castilla y León,T.HORTALIZAS FRESCAS,8201.12,14438.03,1.76,91.91,3.35,5.9
2018-11,2018,11,Cataluña\/Catalunya,T.HORTALIZAS FRESCAS,36208.92,72535.42,2,97.11,5.23,10.48
2018-11,2018,11,Extremadura,T.HORTALIZAS FRESCAS,4424.12,8210.74,1.86,95.24,3.75,6.96
2018-11,2018,11,Galicia,T.HORTALIZAS FRESCAS,10304.72,19180.61,1.86,96.33,3.72,6.92
2018-11,2018,11,La Rioja,T.HORTALIZAS FRESCAS,1181.04,2491.4,2.11,86.34,3.73,7.87
2018-11,2018,11,Comunidad de Madrid,T.HORTALIZAS FRESCAS,25936.45,49805.21,1.92,97.16,4.17,8
2018-11,2018,11,Región de Murcia,T.HORTALIZAS FRESCAS,6952.56,13030.22,1.87,95.86,4.88,9.15
2018-11,2018,11,Comunidad Foral de Navarra,T.HORTALIZAS FRESCAS,3960.64,6931.37,1.75,94.53,6.69,11.7
2018-11,2018,11,País Vasco,T.HORTALIZAS FRESCAS,10120.25,20119.67,1.99,96.77,4.89,9.72
2018-11,2018,11,Comunitat Valenciana,T.HORTALIZAS FRESCAS,23192.62,45194.32,1.95,97.4,4.9,9.55
2018-11,2018,11,Andalucía,T.FRUTAS FRESCAS,49953.25,77894.97,1.56,93.06,5.75,8.97
2018-11,2018,11,Aragón,T.FRUTAS FRESCAS,9326.92,13852.06,1.49,92.61,7.1,10.55
2018-11,2018,11,Principado de Asturias,T.FRUTAS FRESCAS,8334.04,13508.03,1.62,93.17,7.69,12.46
2018-11,2018,11,Illes Balears,T.FRUTAS FRESCAS,7387.36,12679.98,1.72,96.73,7.17,12.31
2018-11,2018,11,Canarias,T.FRUTAS FRESCAS,13278.31,22351.59,1.68,96.41,6.07,10.22
2018-11,2018,11,Cantabria,T.FRUTAS FRESCAS,3430.9,5144.03,1.5,88.62,6.16,9.24
2018-11,2018,11,Castilla-La Mancha,T.FRUTAS FRESCAS,12905.41,18760.06,1.45,93.66,6.15,8.94
2018-11,2018,11,Castilla y León,T.FRUTAS FRESCAS,18968.18,27644.17,1.46,91.22,7.75,11.3
2018-11,2018,11,Cataluña\/Catalunya,T.FRUTAS FRESCAS,51193.56,84395.55,1.65,95.14,7.4,12.2
2018-11,2018,11,Extremadura,T.FRUTAS FRESCAS,7431.3,10758.98,1.45,96.67,6.3,9.12
2018-11,2018,11,Galicia,T.FRUTAS FRESCAS,25024.92,39389.61,1.57,98.29,9.03,14.22
2018-11,2018,11,La Rioja,T.FRUTAS FRESCAS,2001.74,3252.56,1.62,94.8,6.33,10.28
2018-11,2018,11,Comunidad de Madrid,T.FRUTAS FRESCAS,44617.73,68936.71,1.55,94.86,7.17,11.08
2018-11,2018,11,Región de Murcia,T.FRUTAS FRESCAS,10420.59,16475.73,1.58,92.87,7.32,11.57
2018-11,2018,11,Comunidad Foral de Navarra,T.FRUTAS FRESCAS,4456.57,7289.82,1.64,89.23,7.52,12.31
2018-11,2018,11,País Vasco,T.FRUTAS FRESCAS,18615.83,29837.94,1.6,96.42,8.99,14.41
2018-11,2018,11,Comunitat Valenciana,T.FRUTAS FRESCAS,30256.91,46710.38,1.54,95,6.39,9.87
2019-03,2019,3,Andalucía,T.HORTALIZAS FRESCAS,37399.37,67494.96,1.8,96.75,4.31,7.77
2019-03,2019,3,Aragón,T.HORTALIZAS FRESCAS,8268.62,15045.19,1.82,99.02,6.31,11.49
2019-03,2019,3,Principado de Asturias,T.HORTALIZAS FRESCAS,4098.15,8153.98,1.99,97.65,3.81,7.59
2019-03,2019,3,Illes Balears,T.HORTALIZAS FRESCAS,5878.93,11619.71,1.98,99.1,5.57,11.01
2019-03,2019,3,Canarias,T.HORTALIZAS FRESCAS,10180.58,18889.76,1.86,98.28,4.61,8.55
2019-03,2019,3,Cantabria,T.HORTALIZAS FRESCAS,2166.53,4060.24,1.87,97.84,3.84,7.2
2019-03,2019,3,Castilla-La Mancha,T.HORTALIZAS FRESCAS,8883.45,16768.84,1.89,95.85,4.24,8
2019-03,2019,3,Castilla y León,T.HORTALIZAS FRESCAS,10472.69,18606.21,1.78,97.6,4.36,7.74
2019-03,2019,3,Cataluña\/Catalunya,T.HORTALIZAS FRESCAS,45593.83,86833.3,1.9,96.94,6.37,12.13
2019-03,2019,3,Extremadura,T.HORTALIZAS FRESCAS,4974.42,8914.81,1.79,95.8,4.23,7.57
2019-03,2019,3,Galicia,T.HORTALIZAS FRESCAS,10153.92,19249.03,1.9,95.99,3.74,7.09
2019-03,2019,3,La Rioja,T.HORTALIZAS FRESCAS,1112,2142.06,1.93,90.76,3.43,6.61
2019-03,2019,3,Comunidad de Madrid,T.HORTALIZAS FRESCAS,32289.63,60840.54,1.88,96.9,5.1,9.62
2019-03,2019,3,Región de Murcia,T.HORTALIZAS FRESCAS,6821.51,11711.38,1.72,96.4,4.74,8.13
2019-03,2019,3,Comunidad Foral de Navarra,T.HORTALIZAS FRESCAS,2755.41,5154.68,1.87,94.45,4.61,8.62
2019-03,2019,3,País Vasco,T.HORTALIZAS FRESCAS,10786.13,21695.33,2.01,98.11,5.1,10.26
2019-03,2019,3,Comunitat Valenciana,T.HORTALIZAS FRESCAS,26767.1,49399.87,1.85,97.4,5.51,10.17
2019-03,2019,3,Andalucía,T.FRUTAS FRESCAS,52386.5,81737.77,1.56,95.09,6.03,9.41
2019-03,2019,3,Aragón,T.FRUTAS FRESCAS,10387.95,16044.29,1.54,97.45,7.93,12.25
2019-03,2019,3,Principado de Asturias,T.FRUTAS FRESCAS,9177.3,15182.6,1.65,98.45,8.54,14.13
2019-03,2019,3,Illes Balears,T.FRUTAS FRESCAS,6897.94,11742.22,1.7,95.57,6.54,11.13
2019-03,2019,3,Canarias,T.FRUTAS FRESCAS,16185.06,26590.09,1.64,96.59,7.33,12.04
2019-03,2019,3,Cantabria,T.FRUTAS FRESCAS,4182.97,6841.93,1.64,98.31,7.42,12.14
2019-03,2019,3,Castilla-La Mancha,T.FRUTAS FRESCAS,14102.91,21764.37,1.54,96.55,6.73,10.39
2019-03,2019,3,Castilla y León,T.FRUTAS FRESCAS,20696.26,30386.63,1.47,96.79,8.61,12.64
2019-03,2019,3,Cataluña\/Catalunya,T.FRUTAS FRESCAS,58156.38,96754.71,1.66,96.3,8.12,13.52
2019-03,2019,3,Extremadura,T.FRUTAS FRESCAS,8341.62,12324.61,1.48,97.25,7.09,10.47
2019-03,2019,3,Galicia,T.FRUTAS FRESCAS,23490.98,37039.07,1.58,97.89,8.65,13.64
2019-03,2019,3,La Rioja,T.FRUTAS FRESCAS,2023.67,3474.66,1.72,99.55,6.25,10.72
2019-03,2019,3,Comunidad de Madrid,T.FRUTAS FRESCAS,49213.54,79116.33,1.61,96.43,7.78,12.5
2019-03,2019,3,Región de Murcia,T.FRUTAS FRESCAS,7898.34,12821.1,1.62,94.98,5.48,8.9
2019-03,2019,3,Comunidad Foral de Navarra,T.FRUTAS FRESCAS,4433.22,7401.14,1.67,94.92,7.42,12.38
2019-03,2019,3,País Vasco,T.FRUTAS FRESCAS,18040.79,30056.11,1.67,96.46,8.53,14.22
2019-03,2019,3,Comunitat Valenciana,T.FRUTAS FRESCAS,33514.39,52755.13,1.57,96.53,6.9,10.86
2019-04,2019,4,Andalucía,T.HORTALIZAS FRESCAS,37294.73,67463.79,1.81,96.84,4.3,7.77
2019-04,2019,4,Aragón,T.HORTALIZAS FRESCAS,7146.35,13525.35,1.89,97.17,5.46,10.33
2019-04,2019,4,Principado de Asturias,T.HORTALIZAS FRESCAS,3492.53,6674.06,1.91,93.35,3.25,6.21
2019-04,2019,4,Illes Balears,T.HORTALIZAS FRESCAS,5767.46,11945.49,2.07,97.9,5.47,11.32
2019-04,2019,4,Canarias,T.HORTALIZAS FRESCAS,9640.13,18427.02,1.91,97.45,4.36,8.34
2019-04,2019,4,Cantabria,T.HORTALIZAS FRESCAS,2077.15,3896.77,1.88,97.59,3.69,6.91
2019-04,2019,4,Castilla-La Mancha,T.HORTALIZAS FRESCAS,8459.85,15568.7,1.84,97.05,4.04,7.43
2019-04,2019,4,Castilla y León,T.HORTALIZAS FRESCAS,10172.48,18635.84,1.83,96.47,4.23,7.75
2019-04,2019,4,Cataluña\/Catalunya,T.HORTALIZAS FRESCAS,38821.06,75686.22,1.95,97.08,5.42,10.57
2019-04,2019,4,Extremadura,T.HORTALIZAS FRESCAS,4301.81,7654.43,1.78,98.5,3.65,6.5
2019-04,2019,4,Galicia,T.HORTALIZAS FRESCAS,10745.02,20501.02,1.91,95.64,3.96,7.55
2019-04,2019,4,La Rioja,T.HORTALIZAS FRESCAS,1393.16,2958.41,2.12,95.88,4.3,9.13
2019-04,2019,4,Comunidad de Madrid,T.HORTALIZAS FRESCAS,28379.72,53865.39,1.9,97.04,4.49,8.51
2019-04,2019,4,Región de Murcia,T.HORTALIZAS FRESCAS,6875.88,12063.82,1.75,94.36,4.77,8.38
2019-04,2019,4,Comunidad Foral de Navarra,T.HORTALIZAS FRESCAS,2441.05,4999.7,2.05,98.83,4.08,8.36
2019-04,2019,4,País Vasco,T.HORTALIZAS FRESCAS,10485.67,21753.83,2.07,96.42,4.96,10.29
2019-04,2019,4,Comunitat Valenciana,T.HORTALIZAS FRESCAS,23422.5,43803.13,1.87,97.66,4.82,9.02
2019-04,2019,4,Andalucía,T.FRUTAS FRESCAS,50526.31,75128.45,1.49,96.19,5.82,8.65
2019-04,2019,4,Aragón,T.FRUTAS FRESCAS,8888.71,13403.13,1.51,97.27,6.79,10.23
2019-04,2019,4,Principado de Asturias,T.FRUTAS FRESCAS,8543.49,12919.26,1.51,97.25,7.95,12.02
2019-04,2019,4,Illes Balears,T.FRUTAS FRESCAS,7142.05,11496.01,1.61,97.84,6.77,10.89
2019-04,2019,4,Canarias,T.FRUTAS FRESCAS,13895.44,23464.76,1.69,96.85,6.29,10.62
2019-04,2019,4,Cantabria,T.FRUTAS FRESCAS,3811.33,5627.17,1.48,95.91,6.76,9.99
2019-04,2019,4,Castilla-La Mancha,T.FRUTAS FRESCAS,13780.21,19575.65,1.42,97.15,6.58,9.34
2019-04,2019,4,Castilla y León,T.FRUTAS FRESCAS,19750.08,28680.84,1.45,97.89,8.22,11.93
2019-04,2019,4,Cataluña\/Catalunya,T.FRUTAS FRESCAS,54689.29,88184.01,1.61,96.57,7.64,12.32
2019-04,2019,4,Extremadura,T.FRUTAS FRESCAS,6832.66,9709.2,1.42,96.19,5.8,8.25
2019-04,2019,4,Galicia,T.FRUTAS FRESCAS,22919.15,35989.87,1.57,97.89,8.44,13.25
2019-04,2019,4,La Rioja,T.FRUTAS FRESCAS,2222.69,3423.16,1.54,98.31,6.86,10.57
2019-04,2019,4,Comunidad de Madrid,T.FRUTAS FRESCAS,44826.29,68768.74,1.53,96.22,7.08,10.87
2019-04,2019,4,Región de Murcia,T.FRUTAS FRESCAS,9043.19,13586.43,1.5,95.59,6.28,9.43
2019-04,2019,4,Comunidad Foral de Navarra,T.FRUTAS FRESCAS,4172.02,6440.84,1.54,98.88,6.98,10.77
2019-04,2019,4,País Vasco,T.FRUTAS FRESCAS,17854.28,28425.36,1.59,96.23,8.45,13.45
2019-04,2019,4,Comunitat Valenciana,T.FRUTAS FRESCAS,31680.74,48379.24,1.53,96.73,6.52,9.96
2019-05,2019,5,Andalucía,T.HORTALIZAS FRESCAS,38931.72,66771.88,1.72,97.33,4.48,7.69
2019-05,2019,5,Aragón,T.HORTALIZAS FRESCAS,7923.13,14856.52,1.88,99.08,6.05,11.34
2019-05,2019,5,Principado de Asturias,T.HORTALIZAS FRESCAS,4149.04,8249.05,1.99,97.61,3.86,7.67
2019-05,2019,5,Illes Balears,T.HORTALIZAS FRESCAS,6014.12,12523.21,2.08,98.52,5.7,11.87
2019-05,2019,5,Canarias,T.HORTALIZAS FRESCAS,9736.03,17966.33,1.85,97.17,4.41,8.13
2019-05,2019,5,Cantabria,T.HORTALIZAS FRESCAS,2168.86,4118.21,1.9,97.09,3.85,7.31
2019-05,2019,5,Castilla-La Mancha,T.HORTALIZAS FRESCAS,8701,15589.38,1.79,96.39,4.15,7.44
2019-05,2019,5,Castilla y León,T.HORTALIZAS FRESCAS,10581.5,18925.83,1.79,95.21,4.4,7.87
2019-05,2019,5,Cataluña\/Catalunya,T.HORTALIZAS FRESCAS,44004.18,84763.59,1.93,97.54,6.15,11.84
2019-05,2019,5,Extremadura,T.HORTALIZAS FRESCAS,4714.83,8100.21,1.72,94.69,4.01,6.88
2019-05,2019,5,Galicia,T.HORTALIZAS FRESCAS,11642.55,22162.02,1.9,96.76,4.29,8.16
2019-05,2019,5,La Rioja,T.HORTALIZAS FRESCAS,1333.46,2720.22,2.04,92.3,4.12,8.4
2019-05,2019,5,Comunidad de Madrid,T.HORTALIZAS FRESCAS,31103.78,57940.09,1.86,97.74,4.92,9.16
2019-05,2019,5,Región de Murcia,T.HORTALIZAS FRESCAS,6869.12,12087.55,1.76,94.82,4.77,8.39
2019-05,2019,5,Comunidad Foral de Navarra,T.HORTALIZAS FRESCAS,2672.44,5331.02,1.99,96.08,4.47,8.92
2019-05,2019,5,País Vasco,T.HORTALIZAS FRESCAS,11013.87,22311,2.03,97.63,5.21,10.55
2019-05,2019,5,Comunitat Valenciana,T.HORTALIZAS FRESCAS,25920.37,47663.79,1.84,97.26,5.34,9.81
2019-05,2019,5,Andalucía,T.FRUTAS FRESCAS,60581.26,90419.92,1.49,96.41,6.98,10.41
2019-05,2019,5,Aragón,T.FRUTAS FRESCAS,10618.5,16292.51,1.53,96.98,8.11,12.44
2019-05,2019,5,Principado de Asturias,T.FRUTAS FRESCAS,10354.92,16034.72,1.55,97.83,9.63,14.92
2019-05,2019,5,Illes Balears,T.FRUTAS FRESCAS,7805.56,13769.63,1.76,98.66,7.4,13.05
2019-05,2019,5,Canarias,T.FRUTAS FRESCAS,16584.94,26955.5,1.63,95.96,7.51,12.2
2019-05,2019,5,Cantabria,T.FRUTAS FRESCAS,4012.43,6188.2,1.54,97.65,7.12,10.98
2019-05,2019,5,Castilla-La Mancha,T.FRUTAS FRESCAS,15097.72,21450.49,1.42,95.12,7.2,10.24
2019-05,2019,5,Castilla y León,T.FRUTAS FRESCAS,21900.7,30814.41,1.41,95.5,9.11,12.82
2019-05,2019,5,Cataluña\/Catalunya,T.FRUTAS FRESCAS,62899.98,105220.97,1.67,96.12,8.79,14.7
2019-05,2019,5,Extremadura,T.FRUTAS FRESCAS,7185.58,10485.52,1.46,93.07,6.1,8.91
2019-05,2019,5,Galicia,T.FRUTAS FRESCAS,26128.19,44403.04,1.7,98.02,9.62,16.35
2019-05,2019,5,La Rioja,T.FRUTAS FRESCAS,2347.38,3919.47,1.67,99.43,7.24,12.1
2019-05,2019,5,Comunidad de Madrid,T.FRUTAS FRESCAS,51138.28,79142.15,1.55,96.58,8.08,12.51
2019-05,2019,5,Región de Murcia,T.FRUTAS FRESCAS,11688.31,17246.18,1.48,95.46,8.12,11.98
2019-05,2019,5,Comunidad Foral de Navarra,T.FRUTAS FRESCAS,4709.89,7413.02,1.57,95.32,7.88,12.4
2019-05,2019,5,País Vasco,T.FRUTAS FRESCAS,20308.1,33313.44,1.64,98.14,9.61,15.76
2019-05,2019,5,Comunitat Valenciana,T.FRUTAS FRESCAS,37142.1,56931.92,1.53,96.09,7.65,11.72
2019-06,2019,6,Andalucía,T.HORTALIZAS FRESCAS,40064.63,67225.72,1.68,97.14,4.61,7.74
2019-06,2019,6,Aragón,T.HORTALIZAS FRESCAS,8357.59,15262.53,1.83,97.69,6.38,11.65
2019-06,2019,6,Principado de Asturias,T.HORTALIZAS FRESCAS,3980.52,7705.17,1.94,95.37,3.7,7.17
2019-06,2019,6,Illes Balears,T.HORTALIZAS FRESCAS,5941.95,11853.23,1.99,97.68,5.63,11.23
2019-06,2019,6,Canarias,T.HORTALIZAS FRESCAS,9263.4,17862.07,1.93,97.99,4.19,8.09
2019-06,2019,6,Cantabria,T.HORTALIZAS FRESCAS,2010.32,3798.69,1.89,97.87,3.57,6.74
2019-06,2019,6,Castilla-La Mancha,T.HORTALIZAS FRESCAS,8410.92,14383.35,1.71,95.95,4.01,6.86
2019-06,2019,6,Castilla y León,T.HORTALIZAS FRESCAS,9984.33,17746.09,1.78,94.42,4.15,7.38
2019-06,2019,6,Cataluña\/Catalunya,T.HORTALIZAS FRESCAS,38537.53,75659.73,1.96,97.03,5.38,10.57
2019-06,2019,6,Extremadura,T.HORTALIZAS FRESCAS,6300.67,10977.8,1.74,94.01,5.35,9.33
2019-06,2019,6,Galicia,T.HORTALIZAS FRESCAS,12164.87,22266.5,1.83,97.98,4.48,8.2
2019-06,2019,6,La Rioja,T.HORTALIZAS FRESCAS,1470.82,3069.31,2.09,93.56,4.54,9.47
2019-06,2019,6,Comunidad de Madrid,T.HORTALIZAS FRESCAS,29643.65,53621.48,1.81,96.82,4.69,8.47
2019-06,2019,6,Región de Murcia,T.HORTALIZAS FRESCAS,6203.52,10455.75,1.69,94.51,4.31,7.26
2019-06,2019,6,Comunidad Foral de Navarra,T.HORTALIZAS FRESCAS,2540.88,5283.78,2.08,98.38,4.25,8.84
2019-06,2019,6,País Vasco,T.HORTALIZAS FRESCAS,10433.27,20949.18,2.01,96.85,4.94,9.91
2019-06,2019,6,Comunitat Valenciana,T.HORTALIZAS FRESCAS,23674.21,42808.47,1.81,95.65,4.87,8.81
2019-06,2019,6,Andalucía,T.FRUTAS FRESCAS,65282.18,96903.96,1.48,94.59,7.52,11.16
2019-06,2019,6,Aragón,T.FRUTAS FRESCAS,11889.79,18520.98,1.56,96.22,9.08,14.14
2019-06,2019,6,Principado de Asturias,T.FRUTAS FRESCAS,9991.17,16800.98,1.68,96.48,9.3,15.63
2019-06,2019,6,Illes Balears,T.FRUTAS FRESCAS,8507.03,14346.76,1.69,97.62,8.06,13.6
2019-06,2019,6,Canarias,T.FRUTAS FRESCAS,20092.32,32491.5,1.62,97.4,9.1,14.71
2019-06,2019,6,Cantabria,T.FRUTAS FRESCAS,4961.18,7471.48,1.51,96.88,8.8,13.26
2019-06,2019,6,Castilla-La Mancha,T.FRUTAS FRESCAS,16335.33,23212.52,1.42,96.08,7.79,11.08
2019-06,2019,6,Castilla y León,T.FRUTAS FRESCAS,21982.58,32404.71,1.47,96.19,9.15,13.48
2019-06,2019,6,Cataluña\/Catalunya,T.FRUTAS FRESCAS,64294.06,110557.83,1.72,95.93,8.98,15.44
2019-06,2019,6,Extremadura,T.FRUTAS FRESCAS,9229.06,14702.81,1.59,91.1,7.84,12.49
2019-06,2019,6,Galicia,T.FRUTAS FRESCAS,26040.89,46219.79,1.77,97.64,9.59,17.02
2019-06,2019,6,La Rioja,T.FRUTAS FRESCAS,2285.86,3679.08,1.61,94.22,7.05,11.35
2019-06,2019,6,Comunidad de Madrid,T.FRUTAS FRESCAS,55754.93,85782.65,1.54,96.27,8.81,13.56
2019-06,2019,6,Región de Murcia,T.FRUTAS FRESCAS,11242.3,16512.09,1.47,93.05,7.81,11.47
2019-06,2019,6,Comunidad Foral de Navarra,T.FRUTAS FRESCAS,5133.2,8964.21,1.75,94.85,8.59,15
2019-06,2019,6,País Vasco,T.FRUTAS FRESCAS,21542.65,36744.66,1.71,95.25,10.19,17.38
2019-06,2019,6,Comunitat Valenciana,T.FRUTAS FRESCAS,41678.16,64914.2,1.56,94.7,8.58,13.37
2019-07,2019,7,Andalucía,T.HORTALIZAS FRESCAS,40478.8,69395.74,1.71,95.81,4.66,7.99
2019-07,2019,7,Aragón,T.HORTALIZAS FRESCAS,6971.79,12889.36,1.85,96.78,5.32,9.84
2019-07,2019,7,Principado de Asturias,T.HORTALIZAS FRESCAS,4432.72,8938.14,2.02,93.95,4.12,8.32
2019-07,2019,7,Illes Balears,T.HORTALIZAS FRESCAS,5580.89,10829.15,1.94,95.53,5.29,10.26
2019-07,2019,7,Canarias,T.HORTALIZAS FRESCAS,9362.12,17308.92,1.85,97.03,4.24,7.84
2019-07,2019,7,Cantabria,T.HORTALIZAS FRESCAS,2151.04,3955.89,1.84,96.86,3.82,7.02
2019-07,2019,7,Castilla-La Mancha,T.HORTALIZAS FRESCAS,8488.99,14549.78,1.71,94.64,4.05,6.94
2019-07,2019,7,Castilla y León,T.HORTALIZAS FRESCAS,15666.72,29129.97,1.86,95.91,6.52,12.12
2019-07,2019,7,Cataluña\/Catalunya,T.HORTALIZAS FRESCAS,41080.76,78904.75,1.92,97.08,5.74,11.02
2019-07,2019,7,Extremadura,T.HORTALIZAS FRESCAS,8669.64,15214.15,1.75,97.05,7.37,12.93
2019-07,2019,7,Galicia,T.HORTALIZAS FRESCAS,16615.83,31090.52,1.87,94.79,6.12,11.45
2019-07,2019,7,La Rioja,T.HORTALIZAS FRESCAS,1539.34,2976.16,1.93,91.53,4.75,9.19
2019-07,2019,7,Comunidad de Madrid,T.HORTALIZAS FRESCAS,28368.74,51599.93,1.82,95.74,4.48,8.15
2019-07,2019,7,Región de Murcia,T.HORTALIZAS FRESCAS,6208.47,10558.62,1.7,95.28,4.31,7.33
2019-07,2019,7,Comunidad Foral de Navarra,T.HORTALIZAS FRESCAS,5880.99,10349.67,1.76,94.94,9.84,17.31
2019-07,2019,7,País Vasco,T.HORTALIZAS FRESCAS,9939.79,20172.16,2.03,96.47,4.7,9.54
2019-07,2019,7,Comunitat Valenciana,T.HORTALIZAS FRESCAS,24193.86,44578.6,1.84,94.84,4.98,9.18
2019-07,2019,7,Andalucía,T.FRUTAS FRESCAS,71261.38,93289.54,1.31,94.51,8.21,10.75
2019-07,2019,7,Aragón,T.FRUTAS FRESCAS,11824.16,16268.09,1.38,95.21,9.03,12.42
2019-07,2019,7,Principado de Asturias,T.FRUTAS FRESCAS,10891.44,16063.32,1.47,95.59,10.13,14.95
2019-07,2019,7,Illes Balears,T.FRUTAS FRESCAS,10924.49,15131.91,1.39,95.17,10.35,14.34
2019-07,2019,7,Canarias,T.FRUTAS FRESCAS,20843.82,32115.67,1.54,95.72,9.44,14.54
2019-07,2019,7,Cantabria,T.FRUTAS FRESCAS,4993.92,7006.61,1.4,96.26,8.86,12.43
2019-07,2019,7,Castilla-La Mancha,T.FRUTAS FRESCAS,16829.44,20367.82,1.21,93.73,8.03,9.72
2019-07,2019,7,Castilla y León,T.FRUTAS FRESCAS,25746.12,32982.97,1.28,93.21,10.71,13.72
2019-07,2019,7,Cataluña\/Catalunya,T.FRUTAS FRESCAS,71883.85,106226.71,1.48,95.45,10.04,14.84
2019-07,2019,7,Extremadura,T.FRUTAS FRESCAS,10827.5,14530.81,1.34,94.81,9.2,12.34
2019-07,2019,7,Galicia,T.FRUTAS FRESCAS,27581.35,42281.19,1.53,95.63,10.16,15.57
2019-07,2019,7,La Rioja,T.FRUTAS FRESCAS,2701.81,4026.86,1.49,95.1,8.34,12.43
2019-07,2019,7,Comunidad de Madrid,T.FRUTAS FRESCAS,58276.66,80299.65,1.38,96.44,9.21,12.69
2019-07,2019,7,Región de Murcia,T.FRUTAS FRESCAS,12548.51,17387.58,1.39,90.89,8.71,12.07
2019-07,2019,7,Comunidad Foral de Navarra,T.FRUTAS FRESCAS,6908.02,9963.06,1.44,90.92,11.56,16.67
2019-07,2019,7,País Vasco,T.FRUTAS FRESCAS,21714.84,34733.74,1.6,97.88,10.27,16.43
2019-07,2019,7,Comunitat Valenciana,T.FRUTAS FRESCAS,45545.72,59234.73,1.3,93.5,9.38,12.2
2019-08,2019,8,Andalucía,T.HORTALIZAS FRESCAS,37027.98,62338.72,1.68,94.58,4.26,7.18
2019-08,2019,8,Aragón,T.HORTALIZAS FRESCAS,7759.49,13505.19,1.74,92,5.92,10.31
2019-08,2019,8,Principado de Asturias,T.HORTALIZAS FRESCAS,4233.64,8068.17,1.91,93.78,3.94,7.51
2019-08,2019,8,Illes Balears,T.HORTALIZAS FRESCAS,5716.04,11306.14,1.98,96.07,5.42,10.71
2019-08,2019,8,Canarias,T.HORTALIZAS FRESCAS,8869.48,17172.57,1.94,93.8,4.02,7.77
2019-08,2019,8,Cantabria,T.HORTALIZAS FRESCAS,3283.98,5731.16,1.75,97.75,5.83,10.17
2019-08,2019,8,Castilla-La Mancha,T.HORTALIZAS FRESCAS,7075.77,11993.87,1.7,89.34,3.38,5.72
2019-08,2019,8,Castilla y León,T.HORTALIZAS FRESCAS,13618.03,25313.08,1.86,90.53,5.67,10.53
2019-08,2019,8,Cataluña\/Catalunya,T.HORTALIZAS FRESCAS,43367.55,81379.81,1.88,92.43,6.06,11.37
2019-08,2019,8,Extremadura,T.HORTALIZAS FRESCAS,8335.87,14986.76,1.8,95.95,7.08,12.73
2019-08,2019,8,Galicia,T.HORTALIZAS FRESCAS,16301.08,29415.03,1.8,91.34,6,10.83
2019-08,2019,8,La Rioja,T.HORTALIZAS FRESCAS,1490.18,3063.92,2.06,90.16,4.6,9.46
2019-08,2019,8,Comunidad de Madrid,T.HORTALIZAS FRESCAS,24356.34,43315.94,1.78,91.42,3.85,6.85
2019-08,2019,8,Región de Murcia,T.HORTALIZAS FRESCAS,5695.41,10270.5,1.8,91.15,3.95,7.13
2019-08,2019,8,Comunidad Foral de Navarra,T.HORTALIZAS FRESCAS,3070.6,5975.67,1.95,94.97,5.14,10
2019-08,2019,8,País Vasco,T.HORTALIZAS FRESCAS,9443.39,19393.91,2.05,91.31,4.47,9.17
2019-08,2019,8,Comunitat Valenciana,T.HORTALIZAS FRESCAS,24127.93,45591.62,1.89,92.68,4.97,9.39
2019-08,2019,8,Andalucía,T.FRUTAS FRESCAS,65779.13,81687.85,1.24,92.02,7.58,9.41
2019-08,2019,8,Aragón,T.FRUTAS FRESCAS,10988.2,13636.55,1.24,91.11,8.39,10.41
2019-08,2019,8,Principado de Asturias,T.FRUTAS FRESCAS,10252.45,14844.73,1.45,92.67,9.54,13.81
2019-08,2019,8,Illes Balears,T.FRUTAS FRESCAS,11191.23,14485.8,1.29,94.38,10.61,13.73
2019-08,2019,8,Canarias,T.FRUTAS FRESCAS,18308.1,25896.03,1.41,93.42,8.29,11.72
2019-08,2019,8,Cantabria,T.FRUTAS FRESCAS,4150.57,5428.56,1.31,91.64,7.36,9.63
2019-08,2019,8,Castilla-La Mancha,T.FRUTAS FRESCAS,14806.37,17002.98,1.15,91.96,7.07,8.11
2019-08,2019,8,Castilla y León,T.FRUTAS FRESCAS,24202.57,29846.11,1.23,92.54,10.07,12.42
2019-08,2019,8,Cataluña\/Catalunya,T.FRUTAS FRESCAS,64818.61,88701.05,1.37,91.6,9.06,12.39
2019-08,2019,8,Extremadura,T.FRUTAS FRESCAS,10501.78,12017.61,1.14,92.46,8.92,10.21
2019-08,2019,8,Galicia,T.FRUTAS FRESCAS,26270.34,37755.95,1.44,92.96,9.67,13.9
2019-08,2019,8,La Rioja,T.FRUTAS FRESCAS,2495.56,3868.58,1.55,88.06,7.7,11.94
2019-08,2019,8,Comunidad de Madrid,T.FRUTAS FRESCAS,49229.04,64215.49,1.3,90.7,7.78,10.15
2019-08,2019,8,Región de Murcia,T.FRUTAS FRESCAS,10745.54,14646.89,1.36,87.12,7.46,10.17
2019-08,2019,8,Comunidad Foral de Navarra,T.FRUTAS FRESCAS,4741.41,6583.87,1.39,93.39,7.93,11.01
2019-08,2019,8,País Vasco,T.FRUTAS FRESCAS,19006.96,27723.92,1.46,91.1,8.99,13.12
2019-08,2019,8,Comunitat Valenciana,T.FRUTAS FRESCAS,40336.69,48896.88,1.21,90.81,8.3,10.07
2019-09,2019,9,Andalucía,T.HORTALIZAS FRESCAS,38676.86,67864.52,1.75,95.47,4.45,7.82
2019-09,2019,9,Aragón,T.HORTALIZAS FRESCAS,8665.48,16004.27,1.85,92.63,6.62,12.22
2019-09,2019,9,Principado de Asturias,T.HORTALIZAS FRESCAS,4548.82,8597.5,1.89,91.72,4.23,8
2019-09,2019,9,Illes Balears,T.HORTALIZAS FRESCAS,5697.75,11757.6,2.06,96.83,5.4,11.14
2019-09,2019,9,Canarias,T.HORTALIZAS FRESCAS,8273.26,16263.07,1.97,97.01,3.75,7.36
2019-09,2019,9,Cantabria,T.HORTALIZAS FRESCAS,1948.92,3984.28,2.04,92.59,3.46,7.07
2019-09,2019,9,Castilla-La Mancha,T.HORTALIZAS FRESCAS,7020.13,12076.39,1.72,92.09,3.35,5.76
2019-09,2019,9,Castilla y León,T.HORTALIZAS FRESCAS,14863.8,26344.6,1.77,93.1,6.18,10.96
2019-09,2019,9,Cataluña\/Catalunya,T.HORTALIZAS FRESCAS,42030.01,81558.25,1.94,96.52,5.87,11.39
2019-09,2019,9,Extremadura,T.HORTALIZAS FRESCAS,8830.91,16082.21,1.82,96.2,7.5,13.66
2019-09,2019,9,Galicia,T.HORTALIZAS FRESCAS,16543.57,29860.31,1.8,91.75,6.09,10.99
2019-09,2019,9,La Rioja,T.HORTALIZAS FRESCAS,1642.8,3202.48,1.95,94.41,5.07,9.88
2019-09,2019,9,Comunidad de Madrid,T.HORTALIZAS FRESCAS,27354.06,50809.77,1.86,95.14,4.32,8.03
2019-09,2019,9,Región de Murcia,T.HORTALIZAS FRESCAS,5911.91,10594.79,1.79,94.47,4.11,7.36
2019-09,2019,9,Comunidad Foral de Navarra,T.HORTALIZAS FRESCAS,3008.2,5829.55,1.94,91.76,5.03,9.75
2019-09,2019,9,País Vasco,T.HORTALIZAS FRESCAS,9998.24,20777.96,2.08,94.83,4.73,9.83
2019-09,2019,9,Comunitat Valenciana,T.HORTALIZAS FRESCAS,24751.33,46379.65,1.87,95.99,5.1,9.55
2019-09,2019,9,Andalucía,T.FRUTAS FRESCAS,62734.39,86738.06,1.38,92.76,7.23,9.99
2019-09,2019,9,Aragón,T.FRUTAS FRESCAS,9921.38,13757.52,1.39,91.61,7.58,10.5
2019-09,2019,9,Principado de Asturias,T.FRUTAS FRESCAS,9433.73,14372.67,1.52,95.49,8.78,13.37
2019-09,2019,9,Illes Balears,T.FRUTAS FRESCAS,10393.88,15194.35,1.46,95.15,9.85,14.4
2019-09,2019,9,Canarias,T.FRUTAS FRESCAS,16616.78,25876.62,1.56,94.57,7.52,11.71
2019-09,2019,9,Cantabria,T.FRUTAS FRESCAS,2998.26,4603.24,1.54,89.44,5.32,8.17
2019-09,2019,9,Castilla-La Mancha,T.FRUTAS FRESCAS,12860.63,17651.36,1.37,92.58,6.14,8.42
2019-09,2019,9,Castilla y León,T.FRUTAS FRESCAS,23888,35370.68,1.48,93.93,9.94,14.72
2019-09,2019,9,Cataluña\/Catalunya,T.FRUTAS FRESCAS,62618.89,96024.82,1.53,94.01,8.75,13.41
2019-09,2019,9,Extremadura,T.FRUTAS FRESCAS,8389.92,12717.82,1.52,92.77,7.13,10.8
2019-09,2019,9,Galicia,T.FRUTAS FRESCAS,26517.38,42817.82,1.61,95.63,9.76,15.76
2019-09,2019,9,La Rioja,T.FRUTAS FRESCAS,2939.9,5629.06,1.91,96.18,9.07,17.37
2019-09,2019,9,Comunidad de Madrid,T.FRUTAS FRESCAS,48523.89,73928.68,1.52,93.51,7.67,11.68
2019-09,2019,9,Región de Murcia,T.FRUTAS FRESCAS,10410.35,15151.41,1.46,93.33,7.23,10.52
2019-09,2019,9,Comunidad Foral de Navarra,T.FRUTAS FRESCAS,5383.53,8431.23,1.57,89.56,9.01,14.1
2019-09,2019,9,País Vasco,T.FRUTAS FRESCAS,18411.72,29763.87,1.62,93.18,8.71,14.08
2019-09,2019,9,Comunitat Valenciana,T.FRUTAS FRESCAS,36483.81,51978.83,1.42,94.89,7.51,10.7
2019-10,2019,10,Andalucía,T.HORTALIZAS FRESCAS,38518.85,69621.92,1.81,96.47,4.44,8.02
2019-10,2019,10,Aragón,T.HORTALIZAS FRESCAS,8722.27,16347.62,1.87,96.69,6.66,12.48
2019-10,2019,10,Principado de Asturias,T.HORTALIZAS FRESCAS,4120.82,8231.64,2,94.56,3.83,7.66
2019-10,2019,10,Illes Balears,T.HORTALIZAS FRESCAS,5866.54,12651.66,2.16,99.56,5.56,11.99
2019-10,2019,10,Canarias,T.HORTALIZAS FRESCAS,9381.3,17827.78,1.9,95.06,4.25,8.07
2019-10,2019,10,Cantabria,T.HORTALIZAS FRESCAS,2575.7,5090.15,1.98,97.45,4.57,9.03
2019-10,2019,10,Castilla-La Mancha,T.HORTALIZAS FRESCAS,8128.87,15132.16,1.86,95.3,3.88,7.22
2019-10,2019,10,Castilla y León,T.HORTALIZAS FRESCAS,11701.08,20604.82,1.76,90.43,4.87,8.57
2019-10,2019,10,Cataluña\/Catalunya,T.HORTALIZAS FRESCAS,40508.12,79459.66,1.96,97.04,5.66,11.1
2019-10,2019,10,Extremadura,T.HORTALIZAS FRESCAS,6717.86,11866.61,1.77,98.53,5.71,10.08
2019-10,2019,10,Galicia,T.HORTALIZAS FRESCAS,13839.8,25662.86,1.85,94.05,5.1,9.45
2019-10,2019,10,La Rioja,T.HORTALIZAS FRESCAS,1119.7,2407.06,2.15,90.74,3.46,7.43
2019-10,2019,10,Comunidad de Madrid,T.HORTALIZAS FRESCAS,29270.15,54823.76,1.87,97.41,4.63,8.66
2019-10,2019,10,Región de Murcia,T.HORTALIZAS FRESCAS,6575.9,12182.99,1.85,94.7,4.57,8.46
2019-10,2019,10,Comunidad Foral de Navarra,T.HORTALIZAS FRESCAS,8539.26,16513.95,1.93,98.09,14.29,27.63
2019-10,2019,10,País Vasco,T.HORTALIZAS FRESCAS,11123.66,21621.9,1.94,97.38,5.26,10.23
2019-10,2019,10,Comunitat Valenciana,T.HORTALIZAS FRESCAS,25243.48,49787.9,1.97,96.57,5.2,10.25
2019-10,2019,10,Andalucía,T.FRUTAS FRESCAS,56686.45,95964.79,1.69,94.85,6.53,11.05
2019-10,2019,10,Aragón,T.FRUTAS FRESCAS,9794.98,17188.5,1.75,94.51,7.48,13.12
2019-10,2019,10,Principado de Asturias,T.FRUTAS FRESCAS,9078.37,15799.12,1.74,95.6,8.45,14.7
2019-10,2019,10,Illes Balears,T.FRUTAS FRESCAS,8990.24,16090.57,1.79,96.11,8.52,15.25
2019-10,2019,10,Canarias,T.FRUTAS FRESCAS,15158.16,27494.8,1.81,94.07,6.86,12.45
2019-10,2019,10,Cantabria,T.FRUTAS FRESCAS,3475.17,5984.74,1.72,96.57,6.17,10.62
2019-10,2019,10,Castilla-La Mancha,T.FRUTAS FRESCAS,13183.66,21252.37,1.61,93.96,6.29,10.14
2019-10,2019,10,Castilla y León,T.FRUTAS FRESCAS,19306.29,32649.95,1.69,91.98,8.03,13.58
2019-10,2019,10,Cataluña\/Catalunya,T.FRUTAS FRESCAS,55422.44,102553.03,1.85,94.14,7.74,14.33
2019-10,2019,10,Extremadura,T.FRUTAS FRESCAS,7781.38,11982.15,1.54,96.15,6.61,10.18
2019-10,2019,10,Galicia,T.FRUTAS FRESCAS,21117.88,37756.74,1.79,94.71,7.78,13.9
2019-10,2019,10,La Rioja,T.FRUTAS FRESCAS,2724.8,4477.36,1.64,96.43,8.41,13.82
2019-10,2019,10,Comunidad de Madrid,T.FRUTAS FRESCAS,47551.4,82480.22,1.73,96.75,7.52,13.04
2019-10,2019,10,Región de Murcia,T.FRUTAS FRESCAS,8204.03,13821.24,1.68,91.79,5.7,9.6
2019-10,2019,10,Comunidad Foral de Navarra,T.FRUTAS FRESCAS,7688.06,11840.61,1.54,96.09,12.86,19.81
2019-10,2019,10,País Vasco,T.FRUTAS FRESCAS,18281.51,33280.85,1.82,96.01,8.65,15.74
2019-10,2019,10,Comunitat Valenciana,T.FRUTAS FRESCAS,35074.6,60152.44,1.71,94.43,7.22,12.38
2019-11,2019,11,Andalucía,T.HORTALIZAS FRESCAS,33991.11,61062.64,1.8,95.81,3.92,7.03
2019-11,2019,11,Aragón,T.HORTALIZAS FRESCAS,7792.65,15083.08,1.94,98.24,5.95,11.52
2019-11,2019,11,Principado de Asturias,T.HORTALIZAS FRESCAS,3803.24,7222.48,1.9,92.41,3.54,6.72
2019-11,2019,11,Illes Balears,T.HORTALIZAS FRESCAS,5631.52,12027.3,2.14,98.69,5.34,11.4
2019-11,2019,11,Canarias,T.HORTALIZAS FRESCAS,8992.98,17836.12,1.98,97.98,4.07,8.07
2019-11,2019,11,Cantabria,T.HORTALIZAS FRESCAS,3634.81,6336.3,1.74,95.01,6.45,11.24
2019-11,2019,11,Castilla-La Mancha,T.HORTALIZAS FRESCAS,7836.36,14496.49,1.85,93.07,3.74,6.92
2019-11,2019,11,Castilla y León,T.HORTALIZAS FRESCAS,10086.03,18822.71,1.87,94.22,4.2,7.83
2019-11,2019,11,Cataluña\/Catalunya,T.HORTALIZAS FRESCAS,40694.46,81454.46,2,97.33,5.69,11.38
2019-11,2019,11,Extremadura,T.HORTALIZAS FRESCAS,5391.09,10018.96,1.86,98.1,4.58,8.51
2019-11,2019,11,Galicia,T.HORTALIZAS FRESCAS,11163.37,22200.04,1.99,95.08,4.11,8.17
2019-11,2019,11,La Rioja,T.HORTALIZAS FRESCAS,1235.79,2581.08,2.09,92.71,3.81,7.97
2019-11,2019,11,Comunidad de Madrid,T.HORTALIZAS FRESCAS,27819.87,52918.43,1.9,96.73,4.4,8.36
2019-11,2019,11,Región de Murcia,T.HORTALIZAS FRESCAS,6610.76,12151.79,1.84,94.96,4.59,8.44
2019-11,2019,11,Comunidad Foral de Navarra,T.HORTALIZAS FRESCAS,2545.89,4546,1.79,94.95,4.26,7.6
2019-11,2019,11,País Vasco,T.HORTALIZAS FRESCAS,11199.89,24689.25,2.2,96.72,5.3,11.68
2019-11,2019,11,Comunitat Valenciana,T.HORTALIZAS FRESCAS,23968.52,47292.23,1.97,96.71,4.93,9.74
2019-11,2019,11,Andalucía,T.FRUTAS FRESCAS,50154.35,83526.05,1.67,94.23,5.78,9.62
2019-11,2019,11,Aragón,T.FRUTAS FRESCAS,10526.6,16880.3,1.6,96.84,8.04,12.89
2019-11,2019,11,Principado de Asturias,T.FRUTAS FRESCAS,8062.9,13598.81,1.69,97.15,7.5,12.65
2019-11,2019,11,Illes Balears,T.FRUTAS FRESCAS,8475.64,15342.54,1.81,96.88,8.03,14.54
2019-11,2019,11,Canarias,T.FRUTAS FRESCAS,13351.64,23651.17,1.77,96.74,6.04,10.71
2019-11,2019,11,Cantabria,T.FRUTAS FRESCAS,3650.42,5876.89,1.61,92.87,6.48,10.43
2019-11,2019,11,Castilla-La Mancha,T.FRUTAS FRESCAS,13990.06,21110.25,1.51,96.05,6.68,10.07
2019-11,2019,11,Castilla y León,T.FRUTAS FRESCAS,17236.64,26652.24,1.55,94,7.17,11.09
2019-11,2019,11,Cataluña\/Catalunya,T.FRUTAS FRESCAS,51837.05,91213.5,1.76,96.25,7.24,12.74
2019-11,2019,11,Extremadura,T.FRUTAS FRESCAS,8794.2,14303.5,1.63,94.54,7.47,12.15
2019-11,2019,11,Galicia,T.FRUTAS FRESCAS,21324.46,36892.28,1.73,95.66,7.85,13.58
2019-11,2019,11,La Rioja,T.FRUTAS FRESCAS,2058.29,3230.85,1.57,96.35,6.35,9.97
2019-11,2019,11,Comunidad de Madrid,T.FRUTAS FRESCAS,45697.25,76909.17,1.68,95.96,7.22,12.15
2019-11,2019,11,Región de Murcia,T.FRUTAS FRESCAS,8925.42,14358.44,1.61,95.62,6.2,9.97
2019-11,2019,11,Comunidad Foral de Navarra,T.FRUTAS FRESCAS,3589.39,6341.72,1.77,96.62,6,10.61
2019-11,2019,11,País Vasco,T.FRUTAS FRESCAS,18875.84,34310.36,1.82,95.75,8.93,16.23
2019-11,2019,11,Comunitat Valenciana,T.FRUTAS FRESCAS,31307.11,53598.3,1.71,94.07,6.45,11.04
2020-03,2020,3,Andalucía,T.HORTALIZAS FRESCAS,44651.3,81332.54,1.82,98.22,5.35,9.75
2020-03,2020,3,Aragón,T.HORTALIZAS FRESCAS,8980.43,17296.01,1.93,98.17,7.14,13.74
2020-03,2020,3,Principado de Asturias,T.HORTALIZAS FRESCAS,4917.27,9811.45,2,96.76,4.8,9.58
2020-03,2020,3,Illes Balears,T.HORTALIZAS FRESCAS,7612.08,16300.77,2.14,98.34,7.45,15.95
2020-03,2020,3,Canarias,T.HORTALIZAS FRESCAS,12563.35,24747.97,1.97,98.96,5.86,11.54
2020-03,2020,3,Cantabria,T.HORTALIZAS FRESCAS,2299.09,4516.33,1.96,98.7,4.28,8.41
2020-03,2020,3,Castilla-La Mancha,T.HORTALIZAS FRESCAS,9099.42,16879.75,1.86,96.33,4.55,8.44
2020-03,2020,3,Castilla y León,T.HORTALIZAS FRESCAS,10759.11,20107.9,1.87,95.25,4.69,8.77
2020-03,2020,3,Cataluña\/Catalunya,T.HORTALIZAS FRESCAS,49548.59,99585.42,2.01,98.12,7.17,14.42
2020-03,2020,3,Extremadura,T.HORTALIZAS FRESCAS,5363.75,10063.17,1.88,96.29,4.78,8.98
2020-03,2020,3,Galicia,T.HORTALIZAS FRESCAS,12073.16,22879.93,1.9,94.98,4.65,8.81
2020-03,2020,3,La Rioja,T.HORTALIZAS FRESCAS,1500.91,3004.94,2,93.65,4.89,9.79
2020-03,2020,3,Comunidad de Madrid,T.HORTALIZAS FRESCAS,34050.87,67030.88,1.97,97.88,5.59,11.01
2020-03,2020,3,Región de Murcia,T.HORTALIZAS FRESCAS,8861.22,16817.84,1.9,97.49,6.38,12.11
2020-03,2020,3,Comunidad Foral de Navarra,T.HORTALIZAS FRESCAS,3049.08,6032.63,1.98,96.67,5.31,10.5
2020-03,2020,3,País Vasco,T.HORTALIZAS FRESCAS,13434.45,26717.65,1.99,98.07,6.63,13.18
2020-03,2020,3,Comunitat Valenciana,T.HORTALIZAS FRESCAS,28788.83,55540.78,1.93,98.25,6.18,11.92
2020-03,2020,3,Andalucía,T.FRUTAS FRESCAS,59138.85,94907.44,1.6,96.8,7.09,11.38
2020-03,2020,3,Aragón,T.FRUTAS FRESCAS,11050.12,18215.68,1.65,97.89,8.78,14.47
2020-03,2020,3,Principado de Asturias,T.FRUTAS FRESCAS,10655.87,17360.63,1.63,98.78,10.4,16.95
2020-03,2020,3,Illes Balears,T.FRUTAS FRESCAS,9157.54,16649.6,1.82,97.79,8.96,16.29
2020-03,2020,3,Canarias,T.FRUTAS FRESCAS,18795.62,32002.43,1.7,98.64,8.76,14.92
2020-03,2020,3,Cantabria,T.FRUTAS FRESCAS,4349.67,7289.96,1.68,98.22,8.1,13.57
2020-03,2020,3,Castilla-La Mancha,T.FRUTAS FRESCAS,15218.73,24066.17,1.58,94.48,7.61,12.04
2020-03,2020,3,Castilla y León,T.FRUTAS FRESCAS,21915.57,33389.35,1.52,97.69,9.56,14.57
2020-03,2020,3,Cataluña\/Catalunya,T.FRUTAS FRESCAS,61118.68,108691.72,1.78,96.54,8.85,15.74
2020-03,2020,3,Extremadura,T.FRUTAS FRESCAS,8204.31,12676.36,1.55,96.4,7.32,11.31
2020-03,2020,3,Galicia,T.FRUTAS FRESCAS,25376.01,42339.4,1.67,98.01,9.77,16.31
2020-03,2020,3,La Rioja,T.FRUTAS FRESCAS,2339.27,3891.79,1.66,97.63,7.62,12.68
2020-03,2020,3,Comunidad de Madrid,T.FRUTAS FRESCAS,52243.97,91512.44,1.75,97.21,8.58,15.03
2020-03,2020,3,Región de Murcia,T.FRUTAS FRESCAS,9698.09,15905.34,1.64,97.73,6.98,11.46
2020-03,2020,3,Comunidad Foral de Navarra,T.FRUTAS FRESCAS,5150.87,8875.12,1.72,96.53,8.97,15.45
2020-03,2020,3,País Vasco,T.FRUTAS FRESCAS,20221.26,35504.65,1.76,98.34,9.98,17.52
2020-03,2020,3,Comunitat Valenciana,T.FRUTAS FRESCAS,34372.29,57739.19,1.68,96.92,7.38,12.4
2020-04,2020,4,Andalucía,T.HORTALIZAS FRESCAS,51839.23,98675.53,1.9,98.26,6.21,11.83
2020-04,2020,4,Aragón,T.HORTALIZAS FRESCAS,10415.76,21206.8,2.04,98.04,8.28,16.85
2020-04,2020,4,Principado de Asturias,T.HORTALIZAS FRESCAS,5421.9,11809.99,2.18,98,5.29,11.53
2020-04,2020,4,Illes Balears,T.HORTALIZAS FRESCAS,9985.16,21727.58,2.18,99.2,9.77,21.26
2020-04,2020,4,Canarias,T.HORTALIZAS FRESCAS,15659.2,29793.8,1.9,98.9,7.3,13.89
2020-04,2020,4,Cantabria,T.HORTALIZAS FRESCAS,2504.67,5238.19,2.09,98.82,4.66,9.75
2020-04,2020,4,Castilla-La Mancha,T.HORTALIZAS FRESCAS,10694.84,21587.95,2.02,96.88,5.35,10.8
2020-04,2020,4,Castilla y León,T.HORTALIZAS FRESCAS,12900.59,25235.42,1.96,97.44,5.63,11.01
2020-04,2020,4,Cataluña\/Catalunya,T.HORTALIZAS FRESCAS,56651.29,120584.52,2.13,98.72,8.2,17.46
2020-04,2020,4,Extremadura,T.HORTALIZAS FRESCAS,6295.86,12438.46,1.98,97.49,5.62,11.09
2020-04,2020,4,Galicia,T.HORTALIZAS FRESCAS,14693,30392.91,2.07,97.94,5.66,11.71
2020-04,2020,4,La Rioja,T.HORTALIZAS FRESCAS,1580.79,3444.01,2.18,96.35,5.15,11.22
2020-04,2020,4,Comunidad de Madrid,T.HORTALIZAS FRESCAS,43162.75,88193.52,2.04,98.75,7.09,14.49
2020-04,2020,4,Región de Murcia,T.HORTALIZAS FRESCAS,9391.14,18826.17,2,97.32,6.76,13.56
2020-04,2020,4,Comunidad Foral de Navarra,T.HORTALIZAS FRESCAS,4148.54,8800.27,2.12,98.05,7.22,15.32
2020-04,2020,4,País Vasco,T.HORTALIZAS FRESCAS,15242.19,34033.33,2.23,98.02,7.52,16.8
2020-04,2020,4,Comunitat Valenciana,T.HORTALIZAS FRESCAS,33227.32,66829.31,2.01,98.15,7.13,14.35
2020-04,2020,4,Andalucía,T.FRUTAS FRESCAS,68180.69,113798.92,1.67,97.21,8.17,13.64
2020-04,2020,4,Aragón,T.FRUTAS FRESCAS,13538.71,23184.39,1.71,98.78,10.76,18.42
2020-04,2020,4,Principado de Asturias,T.FRUTAS FRESCAS,12606.89,21484.58,1.7,98.63,12.31,20.98
2020-04,2020,4,Illes Balears,T.FRUTAS FRESCAS,11506.63,20772.87,1.81,99.12,11.26,20.32
2020-04,2020,4,Canarias,T.FRUTAS FRESCAS,20091.57,35356.67,1.76,98.28,9.37,16.48
2020-04,2020,4,Cantabria,T.FRUTAS FRESCAS,5141.57,8839.45,1.72,99.75,9.57,16.45
2020-04,2020,4,Castilla-La Mancha,T.FRUTAS FRESCAS,16950.53,28118.09,1.66,98.23,8.48,14.06
2020-04,2020,4,Castilla y León,T.FRUTAS FRESCAS,24676.78,40405.43,1.64,97.08,10.76,17.63
2020-04,2020,4,Cataluña\/Catalunya,T.FRUTAS FRESCAS,71869.97,134417.36,1.87,97.96,10.4,19.46
2020-04,2020,4,Extremadura,T.FRUTAS FRESCAS,9514.63,15384.27,1.62,97.4,8.49,13.72
2020-04,2020,4,Galicia,T.FRUTAS FRESCAS,28811.96,53152.71,1.84,98.94,11.1,20.47
2020-04,2020,4,La Rioja,T.FRUTAS FRESCAS,2825.64,4930.24,1.74,98.51,9.21,16.06
2020-04,2020,4,Comunidad de Madrid,T.FRUTAS FRESCAS,64824.7,117787.65,1.82,98.36,10.65,19.35
2020-04,2020,4,Región de Murcia,T.FRUTAS FRESCAS,13157.22,22261.14,1.69,97.64,9.48,16.03
2020-04,2020,4,Comunidad Foral de Navarra,T.FRUTAS FRESCAS,6285.4,11108.73,1.77,96.87,10.94,19.34
2020-04,2020,4,País Vasco,T.FRUTAS FRESCAS,23694.78,45019.19,1.9,98.1,11.7,22.22
2020-04,2020,4,Comunitat Valenciana,T.FRUTAS FRESCAS,40903.42,70794.27,1.73,97.32,8.78,15.2
2020-05,2020,5,Andalucía,T.HORTALIZAS FRESCAS,48825.45,88421.61,1.81,97.99,5.85,10.6
2020-05,2020,5,Aragón,T.HORTALIZAS FRESCAS,9694.28,19341.15,2,98.59,7.7,15.37
2020-05,2020,5,Principado de Asturias,T.HORTALIZAS FRESCAS,5090.87,10846.31,2.13,95.76,4.97,10.59
2020-05,2020,5,Illes Balears,T.HORTALIZAS FRESCAS,8840.53,18837.18,2.13,99.93,8.65,18.43
2020-05,2020,5,Canarias,T.HORTALIZAS FRESCAS,12935.36,24184.51,1.87,99.21,6.03,11.27
2020-05,2020,5,Cantabria,T.HORTALIZAS FRESCAS,2514.13,4990.32,1.98,96.78,4.68,9.29
2020-05,2020,5,Castilla-La Mancha,T.HORTALIZAS FRESCAS,10613.09,20064.44,1.89,98.09,5.31,10.04
2020-05,2020,5,Castilla y León,T.HORTALIZAS FRESCAS,13488.43,26151.15,1.94,97.07,5.88,11.41
2020-05,2020,5,Cataluña\/Catalunya,T.HORTALIZAS FRESCAS,56201.16,114096.11,2.03,98.72,8.14,16.52
2020-05,2020,5,Extremadura,T.HORTALIZAS FRESCAS,6463.28,12277.64,1.9,94.96,5.76,10.95
2020-05,2020,5,Galicia,T.HORTALIZAS FRESCAS,12650.59,25294.61,2,97.64,4.87,9.74
2020-05,2020,5,La Rioja,T.HORTALIZAS FRESCAS,1762.51,3503.96,1.99,92.06,5.74,11.42
2020-05,2020,5,Comunidad de Madrid,T.HORTALIZAS FRESCAS,41139.89,80325.16,1.95,98.39,6.76,13.2
2020-05,2020,5,Región de Murcia,T.HORTALIZAS FRESCAS,8980.93,17040.49,1.9,96.49,6.47,12.27
2020-05,2020,5,Comunidad Foral de Navarra,T.HORTALIZAS FRESCAS,4601.89,9662.66,2.1,95.54,8.01,16.82
2020-05,2020,5,País Vasco,T.HORTALIZAS FRESCAS,13925.64,29643.42,2.13,98.66,6.87,14.63
2020-05,2020,5,Comunitat Valenciana,T.HORTALIZAS FRESCAS,31178.76,61276.47,1.97,98,6.69,13.15
2020-05,2020,5,Andalucía,T.FRUTAS FRESCAS,69299.62,125592.17,1.81,96.94,8.31,15.06
2020-05,2020,5,Aragón,T.FRUTAS FRESCAS,11763.54,21384.54,1.82,98.14,9.35,16.99
2020-05,2020,5,Principado de Asturias,T.FRUTAS FRESCAS,10811.89,20714.51,1.92,98.43,10.56,20.23
2020-05,2020,5,Illes Balears,T.FRUTAS FRESCAS,11013.35,21211.97,1.93,98.92,10.78,20.75
2020-05,2020,5,Canarias,T.FRUTAS FRESCAS,18495.73,33813.76,1.83,98.23,8.62,15.76
2020-05,2020,5,Cantabria,T.FRUTAS FRESCAS,4541.93,7912.32,1.74,97.09,8.45,14.73
2020-05,2020,5,Castilla-La Mancha,T.FRUTAS FRESCAS,18588.31,31766.47,1.71,96.18,9.3,15.89
2020-05,2020,5,Castilla y León,T.FRUTAS FRESCAS,26076.97,44973.09,1.72,97.86,11.38,19.62
2020-05,2020,5,Cataluña\/Catalunya,T.FRUTAS FRESCAS,74537.73,152351.12,2.04,97.44,10.79,22.05
2020-05,2020,5,Extremadura,T.FRUTAS FRESCAS,10520.05,17980.73,1.71,96.45,9.38,16.04
2020-05,2020,5,Galicia,T.FRUTAS FRESCAS,25937.33,50721.47,1.96,99.13,9.99,19.54
2020-05,2020,5,La Rioja,T.FRUTAS FRESCAS,2641.97,5071.92,1.92,99.76,8.61,16.53
2020-05,2020,5,Comunidad de Madrid,T.FRUTAS FRESCAS,63223.14,119607.84,1.89,98.61,10.39,19.65
2020-05,2020,5,Región de Murcia,T.FRUTAS FRESCAS,16501.76,33655.13,2.04,96.71,11.89,24.24
2020-05,2020,5,Comunidad Foral de Navarra,T.FRUTAS FRESCAS,6133.24,11653.21,1.9,95.37,10.68,20.29
2020-05,2020,5,País Vasco,T.FRUTAS FRESCAS,23332.96,46757.05,2,98.64,11.51,23.07
2020-05,2020,5,Comunitat Valenciana,T.FRUTAS FRESCAS,42950.04,79146.48,1.84,97.24,9.22,16.99
2020-06,2020,6,Andalucía,T.HORTALIZAS FRESCAS,42323.46,73686.64,1.74,97.7,5.07,8.83
2020-06,2020,6,Aragón,T.HORTALIZAS FRESCAS,9189.68,17750.1,1.93,97.68,7.3,14.1
2020-06,2020,6,Principado de Asturias,T.HORTALIZAS FRESCAS,4590.4,9176.53,2,98.19,4.48,8.96
2020-06,2020,6,Illes Balears,T.HORTALIZAS FRESCAS,6959.1,13945.71,2,98.84,6.81,13.64
2020-06,2020,6,Canarias,T.HORTALIZAS FRESCAS,10959.67,20052.61,1.83,98.13,5.11,9.35
2020-06,2020,6,Cantabria,T.HORTALIZAS FRESCAS,2395.19,4716.69,1.97,96.59,4.46,8.78
2020-06,2020,6,Castilla-La Mancha,T.HORTALIZAS FRESCAS,9692.38,17381.16,1.79,97.84,4.85,8.69
2020-06,2020,6,Castilla y León,T.HORTALIZAS FRESCAS,11434.34,21105.59,1.85,96.53,4.99,9.21
2020-06,2020,6,Cataluña\/Catalunya,T.HORTALIZAS FRESCAS,44099.6,90596.15,2.05,97.72,6.38,13.12
2020-06,2020,6,Extremadura,T.HORTALIZAS FRESCAS,6150.01,11130.28,1.81,97.49,5.49,9.93
2020-06,2020,6,Galicia,T.HORTALIZAS FRESCAS,13126.17,26214.4,2,96.04,5.06,10.1
2020-06,2020,6,La Rioja,T.HORTALIZAS FRESCAS,1889.15,4044.23,2.14,98.3,6.16,13.18
2020-06,2020,6,Comunidad de Madrid,T.HORTALIZAS FRESCAS,35403.59,65688.57,1.86,98.24,5.82,10.79
2020-06,2020,6,Región de Murcia,T.HORTALIZAS FRESCAS,7738.64,13916.64,1.8,97.65,5.57,10.02
2020-06,2020,6,Comunidad Foral de Navarra,T.HORTALIZAS FRESCAS,3639.57,7440.97,2.04,97.09,6.34,12.95
2020-06,2020,6,País Vasco,T.HORTALIZAS FRESCAS,12157.06,25137.15,2.07,98.02,6,12.4
2020-06,2020,6,Comunitat Valenciana,T.HORTALIZAS FRESCAS,25467.64,49152.05,1.93,97.05,5.47,10.55
2020-06,2020,6,Andalucía,T.FRUTAS FRESCAS,68311.03,116167.34,1.7,94.98,8.19,13.93
2020-06,2020,6,Aragón,T.FRUTAS FRESCAS,13565.08,23569.34,1.74,98.01,10.78,18.73
2020-06,2020,6,Principado de Asturias,T.FRUTAS FRESCAS,11470.24,21971.69,1.92,97.52,11.2,21.45
2020-06,2020,6,Illes Balears,T.FRUTAS FRESCAS,10519.98,19569.83,1.86,98.61,10.29,19.15
2020-06,2020,6,Canarias,T.FRUTAS FRESCAS,19056.07,34104.2,1.79,96.54,8.88,15.9
2020-06,2020,6,Cantabria,T.FRUTAS FRESCAS,4194.74,7990.02,1.9,98.11,7.81,14.87
2020-06,2020,6,Castilla-La Mancha,T.FRUTAS FRESCAS,19110.75,30577.9,1.6,96.74,9.56,15.29
2020-06,2020,6,Castilla y León,T.FRUTAS FRESCAS,25494.94,42843.78,1.68,95.47,11.12,18.69
2020-06,2020,6,Cataluña\/Catalunya,T.FRUTAS FRESCAS,68945.41,136585.14,1.98,96.86,9.98,19.77
2020-06,2020,6,Extremadura,T.FRUTAS FRESCAS,9673.89,16051.33,1.66,96.93,8.63,14.32
2020-06,2020,6,Galicia,T.FRUTAS FRESCAS,26235.77,50627.47,1.93,94.98,10.11,19.5
2020-06,2020,6,La Rioja,T.FRUTAS FRESCAS,2419.76,4879.42,2.02,99.03,7.88,15.9
2020-06,2020,6,Comunidad de Madrid,T.FRUTAS FRESCAS,62836.45,112799.1,1.8,97.16,10.32,18.53
2020-06,2020,6,Región de Murcia,T.FRUTAS FRESCAS,14095.66,22926.48,1.63,96.16,10.15,16.51
2020-06,2020,6,Comunidad Foral de Navarra,T.FRUTAS FRESCAS,6188.89,11851.16,1.91,96.03,10.78,20.63
2020-06,2020,6,País Vasco,T.FRUTAS FRESCAS,22219.73,43357.87,1.95,97.85,10.96,21.39
2020-06,2020,6,Comunitat Valenciana,T.FRUTAS FRESCAS,43709.98,78115.91,1.79,95.94,9.38,16.77
